Entity;Code;Year;PressFreedom
Afghanistan;AFG;2000;0
Afghanistan;AFG;2002;0
Afghanistan;AFG;2003;0
Afghanistan;AFG;2004;0
Afghanistan;AFG;2005;0
Afghanistan;AFG;2006;0
Afghanistan;AFG;2007;0
Afghanistan;AFG;2008;0
Afghanistan;AFG;2009;0
Afghanistan;AFG;2010;0
Afghanistan;AFG;2011;0
Afghanistan;AFG;2012;0
Afghanistan;AFG;2013;0
Afghanistan;AFG;2014;0
Afghanistan;AFG;2015;0
Afghanistan;AFG;2016;1
Albania;ALB;2000;1
Albania;ALB;2001;1
Albania;ALB;2002;1
Albania;ALB;2003;1
Albania;ALB;2004;1
Albania;ALB;2005;1
Albania;ALB;2006;1
Albania;ALB;2007;1
Albania;ALB;2008;1
Albania;ALB;2009;1
Albania;ALB;2010;1
Albania;ALB;2011;1
Albania;ALB;2012;1
Albania;ALB;2013;1
Albania;ALB;2014;1
Albania;ALB;2015;1
Albania;ALB;2016;1
Algeria;DZA;2000;0
Algeria;DZA;2001;0
Algeria;DZA;2002;0
Algeria;DZA;2003;0
Algeria;DZA;2004;0
Algeria;DZA;2005;0
Algeria;DZA;2006;0
Algeria;DZA;2007;0
Algeria;DZA;2008;0
Algeria;DZA;2009;0
Algeria;DZA;2010;0
Algeria;DZA;2011;0
Algeria;DZA;2012;0
Algeria;DZA;2013;1
Algeria;DZA;2014;0
Algeria;DZA;2015;0
Algeria;DZA;2016;0
Andorra;AND;2002;2
Andorra;AND;2003;2
Andorra;AND;2004;2
Andorra;AND;2005;2
Andorra;AND;2006;2
Andorra;AND;2007;2
Andorra;AND;2008;2
Andorra;AND;2009;2
Andorra;AND;2010;2
Andorra;AND;2011;2
Andorra;AND;2012;2
Andorra;AND;2013;2
Andorra;AND;2014;2
Andorra;AND;2015;2
Andorra;AND;2016;2
Angola;AGO;2000;0
Angola;AGO;2001;0
Angola;AGO;2002;0
Angola;AGO;2003;0
Angola;AGO;2004;0
Angola;AGO;2005;0
Angola;AGO;2006;0
Angola;AGO;2007;0
Angola;AGO;2008;0
Angola;AGO;2009;0
Angola;AGO;2010;0
Angola;AGO;2011;0
Angola;AGO;2012;0
Angola;AGO;2013;0
Angola;AGO;2014;0
Angola;AGO;2015;0
Angola;AGO;2016;0
Antigua and Barbuda;ATG;2000;1
Antigua and Barbuda;ATG;2001;1
Antigua and Barbuda;ATG;2002;1
Antigua and Barbuda;ATG;2003;1
Antigua and Barbuda;ATG;2004;1
Antigua and Barbuda;ATG;2005;1
Antigua and Barbuda;ATG;2006;1
Antigua and Barbuda;ATG;2007;1
Antigua and Barbuda;ATG;2008;1
Antigua and Barbuda;ATG;2009;1
Antigua and Barbuda;ATG;2010;1
Antigua and Barbuda;ATG;2011;1
Antigua and Barbuda;ATG;2012;1
Antigua and Barbuda;ATG;2013;1
Antigua and Barbuda;ATG;2014;1
Antigua and Barbuda;ATG;2015;1
Antigua and Barbuda;ATG;2016;1
Argentina;ARG;2000;1
Argentina;ARG;2001;1
Argentina;ARG;2002;1
Argentina;ARG;2003;1
Argentina;ARG;2004;1
Argentina;ARG;2005;1
Argentina;ARG;2006;1
Argentina;ARG;2007;1
Argentina;ARG;2008;1
Argentina;ARG;2009;1
Argentina;ARG;2010;1
Argentina;ARG;2011;1
Argentina;ARG;2012;1
Argentina;ARG;2013;1
Argentina;ARG;2014;1
Argentina;ARG;2015;1
Argentina;ARG;2016;1
Armenia;ARM;2000;1
Armenia;ARM;2001;1
Armenia;ARM;2002;0
Armenia;ARM;2003;0
Armenia;ARM;2004;0
Armenia;ARM;2005;0
Armenia;ARM;2006;0
Armenia;ARM;2007;0
Armenia;ARM;2008;0
Armenia;ARM;2009;0
Armenia;ARM;2010;0
Armenia;ARM;2011;0
Armenia;ARM;2012;0
Armenia;ARM;2013;0
Armenia;ARM;2014;0
Armenia;ARM;2015;0
Armenia;ARM;2016;0
Australia;AUS;2000;2
Australia;AUS;2001;2
Australia;AUS;2002;2
Australia;AUS;2003;2
Australia;AUS;2004;2
Australia;AUS;2005;2
Australia;AUS;2006;2
Australia;AUS;2007;2
Australia;AUS;2008;2
Australia;AUS;2009;2
Australia;AUS;2010;2
Australia;AUS;2011;2
Australia;AUS;2012;2
Australia;AUS;2013;2
Australia;AUS;2014;2
Australia;AUS;2015;2
Australia;AUS;2016;2
Austria;AUT;2000;2
Austria;AUT;2001;2
Austria;AUT;2002;2
Austria;AUT;2003;2
Austria;AUT;2004;2
Austria;AUT;2005;2
Austria;AUT;2006;2
Austria;AUT;2007;2
Austria;AUT;2008;2
Austria;AUT;2009;2
Austria;AUT;2010;2
Austria;AUT;2011;2
Austria;AUT;2012;2
Austria;AUT;2013;2
Austria;AUT;2014;2
Austria;AUT;2015;2
Austria;AUT;2016;2
Azerbaijan;AZE;2000;0
Azerbaijan;AZE;2001;0
Azerbaijan;AZE;2002;0
Azerbaijan;AZE;2003;0
Azerbaijan;AZE;2004;0
Azerbaijan;AZE;2005;0
Azerbaijan;AZE;2006;0
Azerbaijan;AZE;2007;0
Azerbaijan;AZE;2008;0
Azerbaijan;AZE;2009;0
Azerbaijan;AZE;2010;0
Azerbaijan;AZE;2011;0
Azerbaijan;AZE;2012;0
Azerbaijan;AZE;2013;0
Azerbaijan;AZE;2014;0
Azerbaijan;AZE;2015;0
Azerbaijan;AZE;2016;0
Bahamas;BHS;2000;2
Bahamas;BHS;2001;2
Bahamas;BHS;2002;2
Bahamas;BHS;2003;2
Bahamas;BHS;2004;2
Bahamas;BHS;2005;2
Bahamas;BHS;2006;2
Bahamas;BHS;2007;2
Bahamas;BHS;2008;2
Bahamas;BHS;2009;2
Bahamas;BHS;2010;2
Bahamas;BHS;2011;2
Bahamas;BHS;2012;2
Bahamas;BHS;2013;2
Bahamas;BHS;2014;2
Bahamas;BHS;2015;2
Bahamas;BHS;2016;2
Bahrain;BHR;2000;0
Bahrain;BHR;2001;0
Bahrain;BHR;2002;0
Bahrain;BHR;2003;0
Bahrain;BHR;2004;0
Bahrain;BHR;2005;0
Bahrain;BHR;2006;0
Bahrain;BHR;2007;0
Bahrain;BHR;2008;0
Bahrain;BHR;2009;0
Bahrain;BHR;2010;0
Bahrain;BHR;2011;0
Bahrain;BHR;2012;0
Bahrain;BHR;2013;0
Bahrain;BHR;2014;0
Bahrain;BHR;2015;0
Bahrain;BHR;2016;0
Bangladesh;BGD;2000;1
Bangladesh;BGD;2001;0
Bangladesh;BGD;2002;0
Bangladesh;BGD;2003;0
Bangladesh;BGD;2004;0
Bangladesh;BGD;2005;0
Bangladesh;BGD;2006;0
Bangladesh;BGD;2007;0
Bangladesh;BGD;2008;0
Bangladesh;BGD;2009;1
Bangladesh;BGD;2010;1
Bangladesh;BGD;2011;1
Bangladesh;BGD;2012;1
Bangladesh;BGD;2013;1
Bangladesh;BGD;2014;1
Bangladesh;BGD;2015;0
Bangladesh;BGD;2016;0
Barbados;BRB;2000;2
Barbados;BRB;2001;2
Barbados;BRB;2002;2
Barbados;BRB;2003;2
Barbados;BRB;2004;2
Barbados;BRB;2005;2
Barbados;BRB;2006;2
Barbados;BRB;2007;2
Barbados;BRB;2008;2
Barbados;BRB;2009;2
Barbados;BRB;2010;2
Barbados;BRB;2011;2
Barbados;BRB;2012;2
Barbados;BRB;2013;2
Barbados;BRB;2014;2
Barbados;BRB;2015;2
Barbados;BRB;2016;2
Belarus;BLR;2000;0
Belarus;BLR;2001;0
Belarus;BLR;2002;0
Belarus;BLR;2003;0
Belarus;BLR;2004;0
Belarus;BLR;2005;0
Belarus;BLR;2006;0
Belarus;BLR;2007;0
Belarus;BLR;2008;0
Belarus;BLR;2009;0
Belarus;BLR;2010;0
Belarus;BLR;2011;0
Belarus;BLR;2012;0
Belarus;BLR;2013;0
Belarus;BLR;2014;0
Belarus;BLR;2015;0
Belarus;BLR;2016;0
Belgium;BEL;2000;2
Belgium;BEL;2001;2
Belgium;BEL;2002;2
Belgium;BEL;2003;2
Belgium;BEL;2004;2
Belgium;BEL;2005;2
Belgium;BEL;2006;2
Belgium;BEL;2007;2
Belgium;BEL;2008;2
Belgium;BEL;2009;2
Belgium;BEL;2010;2
Belgium;BEL;2011;2
Belgium;BEL;2012;2
Belgium;BEL;2013;2
Belgium;BEL;2014;2
Belgium;BEL;2015;2
Belgium;BEL;2016;2
Belize;BLZ;2000;2
Belize;BLZ;2001;2
Belize;BLZ;2002;2
Belize;BLZ;2003;2
Belize;BLZ;2004;2
Belize;BLZ;2005;2
Belize;BLZ;2006;2
Belize;BLZ;2007;2
Belize;BLZ;2008;2
Belize;BLZ;2009;2
Belize;BLZ;2010;2
Belize;BLZ;2011;2
Belize;BLZ;2012;2
Belize;BLZ;2013;2
Belize;BLZ;2014;2
Belize;BLZ;2015;2
Belize;BLZ;2016;2
Benin;BEN;2000;2
Benin;BEN;2001;2
Benin;BEN;2002;2
Benin;BEN;2003;2
Benin;BEN;2004;2
Benin;BEN;2005;2
Benin;BEN;2006;2
Benin;BEN;2007;1
Benin;BEN;2008;1
Benin;BEN;2009;1
Benin;BEN;2010;1
Benin;BEN;2011;1
Benin;BEN;2012;1
Benin;BEN;2013;1
Benin;BEN;2014;1
Benin;BEN;2015;1
Benin;BEN;2016;1
Bhutan;BTN;2000;0
Bhutan;BTN;2001;0
Bhutan;BTN;2002;0
Bhutan;BTN;2003;0
Bhutan;BTN;2004;0
Bhutan;BTN;2005;0
Bhutan;BTN;2006;0
Bhutan;BTN;2007;0
Bhutan;BTN;2008;0
Bhutan;BTN;2009;1
Bhutan;BTN;2010;1
Bhutan;BTN;2011;1
Bhutan;BTN;2012;1
Bhutan;BTN;2013;1
Bhutan;BTN;2014;1
Bhutan;BTN;2015;1
Bhutan;BTN;2016;1
Bolivia;BOL;2000;2
Bolivia;BOL;2001;2
Bolivia;BOL;2002;2
Bolivia;BOL;2003;1
Bolivia;BOL;2004;1
Bolivia;BOL;2005;1
Bolivia;BOL;2006;1
Bolivia;BOL;2007;1
Bolivia;BOL;2008;1
Bolivia;BOL;2009;1
Bolivia;BOL;2010;1
Bolivia;BOL;2011;1
Bolivia;BOL;2012;1
Bolivia;BOL;2013;1
Bolivia;BOL;2014;1
Bolivia;BOL;2015;1
Bolivia;BOL;2016;1
Bosnia and Herzegovina;BIH;2000;1
Bosnia and Herzegovina;BIH;2001;1
Bosnia and Herzegovina;BIH;2002;1
Bosnia and Herzegovina;BIH;2003;1
Bosnia and Herzegovina;BIH;2004;1
Bosnia and Herzegovina;BIH;2005;1
Bosnia and Herzegovina;BIH;2006;1
Bosnia and Herzegovina;BIH;2007;1
Bosnia and Herzegovina;BIH;2008;1
Bosnia and Herzegovina;BIH;2009;1
Bosnia and Herzegovina;BIH;2010;1
Bosnia and Herzegovina;BIH;2011;1
Bosnia and Herzegovina;BIH;2012;1
Bosnia and Herzegovina;BIH;2013;1
Bosnia and Herzegovina;BIH;2014;1
Bosnia and Herzegovina;BIH;2015;1
Bosnia and Herzegovina;BIH;2016;1
Botswana;BWA;2000;2
Botswana;BWA;2001;2
Botswana;BWA;2002;2
Botswana;BWA;2003;2
Botswana;BWA;2004;2
Botswana;BWA;2005;1
Botswana;BWA;2006;1
Botswana;BWA;2007;1
Botswana;BWA;2008;1
Botswana;BWA;2009;1
Botswana;BWA;2010;1
Botswana;BWA;2011;1
Botswana;BWA;2012;1
Botswana;BWA;2013;1
Botswana;BWA;2014;1
Botswana;BWA;2015;1
Botswana;BWA;2016;1
Brazil;BRA;2000;1
Brazil;BRA;2001;1
Brazil;BRA;2002;1
Brazil;BRA;2003;1
Brazil;BRA;2004;1
Brazil;BRA;2005;1
Brazil;BRA;2006;1
Brazil;BRA;2007;1
Brazil;BRA;2008;1
Brazil;BRA;2009;1
Brazil;BRA;2010;1
Brazil;BRA;2011;1
Brazil;BRA;2012;1
Brazil;BRA;2013;1
Brazil;BRA;2014;1
Brazil;BRA;2015;1
Brazil;BRA;2016;1
Brunei;BRN;2000;0
Brunei;BRN;2001;0
Brunei;BRN;2002;0
Brunei;BRN;2003;0
Brunei;BRN;2004;0
Brunei;BRN;2005;0
Brunei;BRN;2006;0
Brunei;BRN;2007;0
Brunei;BRN;2008;0
Brunei;BRN;2009;0
Brunei;BRN;2010;0
Brunei;BRN;2011;0
Brunei;BRN;2012;0
Brunei;BRN;2013;0
Brunei;BRN;2014;0
Brunei;BRN;2015;0
Brunei;BRN;2016;0
Bulgaria;BGR;2000;2
Bulgaria;BGR;2001;2
Bulgaria;BGR;2002;2
Bulgaria;BGR;2003;1
Bulgaria;BGR;2004;1
Bulgaria;BGR;2005;1
Bulgaria;BGR;2006;1
Bulgaria;BGR;2007;1
Bulgaria;BGR;2008;1
Bulgaria;BGR;2009;1
Bulgaria;BGR;2010;1
Bulgaria;BGR;2011;1
Bulgaria;BGR;2012;1
Bulgaria;BGR;2013;1
Bulgaria;BGR;2014;1
Bulgaria;BGR;2015;1
Bulgaria;BGR;2016;1
Burkina Faso;BFA;2000;1
Burkina Faso;BFA;2001;1
Burkina Faso;BFA;2002;1
Burkina Faso;BFA;2003;1
Burkina Faso;BFA;2004;1
Burkina Faso;BFA;2005;1
Burkina Faso;BFA;2006;1
Burkina Faso;BFA;2007;1
Burkina Faso;BFA;2008;1
Burkina Faso;BFA;2009;1
Burkina Faso;BFA;2010;1
Burkina Faso;BFA;2011;1
Burkina Faso;BFA;2012;1
Burkina Faso;BFA;2013;1
Burkina Faso;BFA;2014;1
Burkina Faso;BFA;2015;1
Burkina Faso;BFA;2016;1
Burundi;BDI;2000;0
Burundi;BDI;2001;0
Burundi;BDI;2002;0
Burundi;BDI;2003;0
Burundi;BDI;2004;0
Burundi;BDI;2005;0
Burundi;BDI;2006;0
Burundi;BDI;2007;0
Burundi;BDI;2008;0
Burundi;BDI;2009;0
Burundi;BDI;2010;0
Burundi;BDI;2011;0
Burundi;BDI;2012;0
Burundi;BDI;2013;0
Burundi;BDI;2014;0
Burundi;BDI;2015;0
Burundi;BDI;2016;0
Cambodia;KHM;2000;0
Cambodia;KHM;2001;0
Cambodia;KHM;2002;0
Cambodia;KHM;2003;0
Cambodia;KHM;2004;0
Cambodia;KHM;2005;0
Cambodia;KHM;2006;1
Cambodia;KHM;2007;1
Cambodia;KHM;2008;0
Cambodia;KHM;2009;0
Cambodia;KHM;2010;0
Cambodia;KHM;2011;0
Cambodia;KHM;2012;0
Cambodia;KHM;2013;0
Cambodia;KHM;2014;0
Cambodia;KHM;2015;0
Cambodia;KHM;2016;0
Cameroon;CMR;2000;0
Cameroon;CMR;2001;0
Cameroon;CMR;2002;0
Cameroon;CMR;2003;0
Cameroon;CMR;2004;0
Cameroon;CMR;2005;0
Cameroon;CMR;2006;0
Cameroon;CMR;2007;0
Cameroon;CMR;2008;0
Cameroon;CMR;2009;0
Cameroon;CMR;2010;0
Cameroon;CMR;2011;0
Cameroon;CMR;2012;0
Cameroon;CMR;2013;0
Cameroon;CMR;2014;0
Cameroon;CMR;2015;0
Cameroon;CMR;2016;0
Canada;CAN;2000;2
Canada;CAN;2001;2
Canada;CAN;2002;2
Canada;CAN;2003;2
Canada;CAN;2004;2
Canada;CAN;2005;2
Canada;CAN;2006;2
Canada;CAN;2007;2
Canada;CAN;2008;2
Canada;CAN;2009;2
Canada;CAN;2010;2
Canada;CAN;2011;2
Canada;CAN;2012;2
Canada;CAN;2013;2
Canada;CAN;2014;2
Canada;CAN;2015;2
Canada;CAN;2016;2
Cape Verde;CPV;2000;1
Cape Verde;CPV;2001;2
Cape Verde;CPV;2002;2
Cape Verde;CPV;2003;1
Cape Verde;CPV;2004;1
Cape Verde;CPV;2005;1
Cape Verde;CPV;2006;2
Cape Verde;CPV;2007;2
Cape Verde;CPV;2008;2
Cape Verde;CPV;2009;2
Cape Verde;CPV;2010;2
Cape Verde;CPV;2011;2
Cape Verde;CPV;2012;2
Cape Verde;CPV;2013;2
Cape Verde;CPV;2014;2
Cape Verde;CPV;2015;2
Cape Verde;CPV;2016;2
Central African Republic;CAF;2000;0
Central African Republic;CAF;2001;0
Central African Republic;CAF;2002;0
Central African Republic;CAF;2003;0
Central African Republic;CAF;2004;0
Central African Republic;CAF;2005;0
Central African Republic;CAF;2006;1
Central African Republic;CAF;2007;0
Central African Republic;CAF;2008;0
Central African Republic;CAF;2009;0
Central African Republic;CAF;2010;0
Central African Republic;CAF;2011;0
Central African Republic;CAF;2012;0
Central African Republic;CAF;2013;0
Central African Republic;CAF;2014;0
Central African Republic;CAF;2015;0
Central African Republic;CAF;2016;0
Chad;TCD;2000;0
Chad;TCD;2001;0
Chad;TCD;2002;0
Chad;TCD;2003;0
Chad;TCD;2004;0
Chad;TCD;2005;0
Chad;TCD;2006;0
Chad;TCD;2007;0
Chad;TCD;2008;0
Chad;TCD;2009;0
Chad;TCD;2010;0
Chad;TCD;2011;0
Chad;TCD;2012;0
Chad;TCD;2013;0
Chad;TCD;2014;0
Chad;TCD;2015;0
Chad;TCD;2016;0
Chile;CHL;2000;2
Chile;CHL;2001;2
Chile;CHL;2002;2
Chile;CHL;2003;2
Chile;CHL;2004;2
Chile;CHL;2005;2
Chile;CHL;2006;2
Chile;CHL;2007;2
Chile;CHL;2008;2
Chile;CHL;2009;2
Chile;CHL;2010;2
Chile;CHL;2011;1
Chile;CHL;2012;1
Chile;CHL;2013;1
Chile;CHL;2014;1
Chile;CHL;2015;2
Chile;CHL;2016;2
China;CHN;2000;0
China;CHN;2001;0
China;CHN;2002;0
China;CHN;2003;0
China;CHN;2004;0
China;CHN;2005;0
China;CHN;2006;0
China;CHN;2007;0
China;CHN;2008;0
China;CHN;2009;0
China;CHN;2010;0
China;CHN;2011;0
China;CHN;2012;0
China;CHN;2013;0
China;CHN;2014;0
China;CHN;2015;0
China;CHN;2016;0
Colombia;COL;2000;1
Colombia;COL;2001;1
Colombia;COL;2002;0
Colombia;COL;2003;0
Colombia;COL;2004;0
Colombia;COL;2005;0
Colombia;COL;2006;1
Colombia;COL;2007;1
Colombia;COL;2008;1
Colombia;COL;2009;1
Colombia;COL;2010;1
Colombia;COL;2011;1
Colombia;COL;2012;1
Colombia;COL;2013;1
Colombia;COL;2014;1
Colombia;COL;2015;1
Colombia;COL;2016;1
Comoros;COM;2000;1
Comoros;COM;2001;1
Comoros;COM;2002;1
Comoros;COM;2003;1
Comoros;COM;2004;1
Comoros;COM;2005;1
Comoros;COM;2006;1
Comoros;COM;2007;1
Comoros;COM;2008;1
Comoros;COM;2009;1
Comoros;COM;2010;1
Comoros;COM;2011;1
Comoros;COM;2012;1
Comoros;COM;2013;1
Comoros;COM;2014;1
Comoros;COM;2015;1
Comoros;COM;2016;1
Congo;COG;2000;0
Congo;COG;2001;1
Congo;COG;2002;1
Congo;COG;2003;1
Congo;COG;2004;1
Congo;COG;2005;1
Congo;COG;2006;1
Congo;COG;2007;1
Congo;COG;2008;1
Congo;COG;2009;1
Congo;COG;2010;1
Congo;COG;2011;1
Congo;COG;2012;1
Congo;COG;2013;1
Congo;COG;2014;0
Congo;COG;2015;1
Congo;COG;2016;1
Costa Rica;CRI;2000;2
Costa Rica;CRI;2001;2
Costa Rica;CRI;2002;2
Costa Rica;CRI;2003;2
Costa Rica;CRI;2004;2
Costa Rica;CRI;2005;2
Costa Rica;CRI;2006;2
Costa Rica;CRI;2007;2
Costa Rica;CRI;2008;2
Costa Rica;CRI;2009;2
Costa Rica;CRI;2010;2
Costa Rica;CRI;2011;2
Costa Rica;CRI;2012;2
Costa Rica;CRI;2013;2
Costa Rica;CRI;2014;2
Costa Rica;CRI;2015;2
Costa Rica;CRI;2016;2
Cote d'Ivoire;CIV;2000;0
Cote d'Ivoire;CIV;2001;0
Cote d'Ivoire;CIV;2002;0
Cote d'Ivoire;CIV;2003;0
Cote d'Ivoire;CIV;2004;0
Cote d'Ivoire;CIV;2005;0
Cote d'Ivoire;CIV;2006;0
Cote d'Ivoire;CIV;2007;0
Cote d'Ivoire;CIV;2008;0
Cote d'Ivoire;CIV;2009;0
Cote d'Ivoire;CIV;2010;0
Cote d'Ivoire;CIV;2011;0
Cote d'Ivoire;CIV;2012;0
Cote d'Ivoire;CIV;2013;1
Cote d'Ivoire;CIV;2014;1
Cote d'Ivoire;CIV;2015;1
Cote d'Ivoire;CIV;2016;1
Crimea;;2014;0
Crimea;;2015;0
Crimea;;2016;0
Croatia;HRV;2000;1
Croatia;HRV;2001;1
Croatia;HRV;2002;1
Croatia;HRV;2003;1
Croatia;HRV;2004;1
Croatia;HRV;2005;1
Croatia;HRV;2006;1
Croatia;HRV;2007;1
Croatia;HRV;2008;1
Croatia;HRV;2009;1
Croatia;HRV;2010;1
Croatia;HRV;2011;1
Croatia;HRV;2012;1
Croatia;HRV;2013;1
Croatia;HRV;2014;1
Croatia;HRV;2015;1
Croatia;HRV;2016;1
Cuba;CUB;2000;0
Cuba;CUB;2001;0
Cuba;CUB;2002;0
Cuba;CUB;2003;0
Cuba;CUB;2004;0
Cuba;CUB;2005;0
Cuba;CUB;2006;0
Cuba;CUB;2007;0
Cuba;CUB;2008;0
Cuba;CUB;2009;0
Cuba;CUB;2010;0
Cuba;CUB;2011;0
Cuba;CUB;2012;0
Cuba;CUB;2013;0
Cuba;CUB;2014;0
Cuba;CUB;2015;0
Cuba;CUB;2016;0
Cyprus;CYP;2000;2
Cyprus;CYP;2001;2
Cyprus;CYP;2002;2
Cyprus;CYP;2003;2
Cyprus;CYP;2004;2
Cyprus;CYP;2005;2
Cyprus;CYP;2006;2
Cyprus;CYP;2007;2
Cyprus;CYP;2008;2
Cyprus;CYP;2009;2
Cyprus;CYP;2010;2
Cyprus;CYP;2011;2
Cyprus;CYP;2012;2
Cyprus;CYP;2013;2
Cyprus;CYP;2014;2
Cyprus;CYP;2015;2
Cyprus;CYP;2016;2
Czechia;CZE;2000;2
Czechia;CZE;2001;2
Czechia;CZE;2002;2
Czechia;CZE;2003;2
Czechia;CZE;2004;2
Czechia;CZE;2005;2
Czechia;CZE;2006;2
Czechia;CZE;2007;2
Czechia;CZE;2008;2
Czechia;CZE;2009;2
Czechia;CZE;2010;2
Czechia;CZE;2011;2
Czechia;CZE;2012;2
Czechia;CZE;2013;2
Czechia;CZE;2014;2
Czechia;CZE;2015;2
Czechia;CZE;2016;2
Democratic Republic of Congo;COD;2000;0
Democratic Republic of Congo;COD;2001;0
Democratic Republic of Congo;COD;2002;0
Democratic Republic of Congo;COD;2003;0
Democratic Republic of Congo;COD;2004;0
Democratic Republic of Congo;COD;2005;0
Democratic Republic of Congo;COD;2006;0
Democratic Republic of Congo;COD;2007;0
Democratic Republic of Congo;COD;2008;0
Democratic Republic of Congo;COD;2009;0
Democratic Republic of Congo;COD;2010;0
Democratic Republic of Congo;COD;2011;0
Democratic Republic of Congo;COD;2012;0
Democratic Republic of Congo;COD;2013;0
Democratic Republic of Congo;COD;2014;1
Democratic Republic of Congo;COD;2015;0
Democratic Republic of Congo;COD;2016;0
Denmark;DNK;2000;2
Denmark;DNK;2001;2
Denmark;DNK;2002;2
Denmark;DNK;2003;2
Denmark;DNK;2004;2
Denmark;DNK;2005;2
Denmark;DNK;2006;2
Denmark;DNK;2007;2
Denmark;DNK;2008;2
Denmark;DNK;2009;2
Denmark;DNK;2010;2
Denmark;DNK;2011;2
Denmark;DNK;2012;2
Denmark;DNK;2013;2
Denmark;DNK;2014;2
Denmark;DNK;2015;2
Denmark;DNK;2016;2
Djibouti;DJI;2000;0
Djibouti;DJI;2001;0
Djibouti;DJI;2002;0
Djibouti;DJI;2003;0
Djibouti;DJI;2004;0
Djibouti;DJI;2005;0
Djibouti;DJI;2006;0
Djibouti;DJI;2007;0
Djibouti;DJI;2008;0
Djibouti;DJI;2009;0
Djibouti;DJI;2010;0
Djibouti;DJI;2011;0
Djibouti;DJI;2012;0
Djibouti;DJI;2013;0
Djibouti;DJI;2014;0
Djibouti;DJI;2015;0
Djibouti;DJI;2016;0
Dominica;DMA;2000;2
Dominica;DMA;2001;2
Dominica;DMA;2002;2
Dominica;DMA;2003;2
Dominica;DMA;2004;2
Dominica;DMA;2005;2
Dominica;DMA;2006;2
Dominica;DMA;2007;2
Dominica;DMA;2008;2
Dominica;DMA;2009;2
Dominica;DMA;2010;2
Dominica;DMA;2011;2
Dominica;DMA;2012;2
Dominica;DMA;2013;2
Dominica;DMA;2014;2
Dominica;DMA;2015;2
Dominica;DMA;2016;2
Dominican Republic;DOM;2000;2
Dominican Republic;DOM;2001;2
Dominican Republic;DOM;2002;1
Dominican Republic;DOM;2003;1
Dominican Republic;DOM;2004;1
Dominican Republic;DOM;2005;1
Dominican Republic;DOM;2006;1
Dominican Republic;DOM;2007;1
Dominican Republic;DOM;2008;1
Dominican Republic;DOM;2009;1
Dominican Republic;DOM;2010;1
Dominican Republic;DOM;2011;1
Dominican Republic;DOM;2012;1
Dominican Republic;DOM;2013;1
Dominican Republic;DOM;2014;1
Dominican Republic;DOM;2015;1
Dominican Republic;DOM;2016;1
East Timor;TLS;2000;2
East Timor;TLS;2001;2
East Timor;TLS;2002;2
East Timor;TLS;2003;2
East Timor;TLS;2004;2
East Timor;TLS;2005;1
East Timor;TLS;2006;1
East Timor;TLS;2007;1
East Timor;TLS;2008;1
East Timor;TLS;2009;1
East Timor;TLS;2010;1
East Timor;TLS;2011;1
East Timor;TLS;2012;1
East Timor;TLS;2013;1
East Timor;TLS;2014;1
East Timor;TLS;2015;1
East Timor;TLS;2016;1
Ecuador;ECU;2000;1
Ecuador;ECU;2001;1
Ecuador;ECU;2002;1
Ecuador;ECU;2003;1
Ecuador;ECU;2004;1
Ecuador;ECU;2005;1
Ecuador;ECU;2006;1
Ecuador;ECU;2007;1
Ecuador;ECU;2008;1
Ecuador;ECU;2009;1
Ecuador;ECU;2010;1
Ecuador;ECU;2011;1
Ecuador;ECU;2012;0
Ecuador;ECU;2013;0
Ecuador;ECU;2014;0
Ecuador;ECU;2015;0
Ecuador;ECU;2016;0
Egypt;EGY;2000;0
Egypt;EGY;2001;0
Egypt;EGY;2002;0
Egypt;EGY;2003;0
Egypt;EGY;2004;0
Egypt;EGY;2005;0
Egypt;EGY;2006;0
Egypt;EGY;2007;1
Egypt;EGY;2008;1
Egypt;EGY;2009;1
Egypt;EGY;2010;0
Egypt;EGY;2011;1
Egypt;EGY;2012;0
Egypt;EGY;2013;0
Egypt;EGY;2014;0
Egypt;EGY;2015;0
Egypt;EGY;2016;0
El Salvador;SLV;2000;1
El Salvador;SLV;2001;1
El Salvador;SLV;2002;1
El Salvador;SLV;2003;0
El Salvador;SLV;2004;1
El Salvador;SLV;2005;1
El Salvador;SLV;2006;1
El Salvador;SLV;2007;1
El Salvador;SLV;2008;1
El Salvador;SLV;2009;1
El Salvador;SLV;2010;1
El Salvador;SLV;2011;1
El Salvador;SLV;2012;1
El Salvador;SLV;2013;1
El Salvador;SLV;2014;1
El Salvador;SLV;2015;1
El Salvador;SLV;2016;1
Equatorial Guinea;GNQ;2000;0
Equatorial Guinea;GNQ;2001;0
Equatorial Guinea;GNQ;2002;0
Equatorial Guinea;GNQ;2003;0
Equatorial Guinea;GNQ;2004;0
Equatorial Guinea;GNQ;2005;0
Equatorial Guinea;GNQ;2006;0
Equatorial Guinea;GNQ;2007;0
Equatorial Guinea;GNQ;2008;0
Equatorial Guinea;GNQ;2009;0
Equatorial Guinea;GNQ;2010;0
Equatorial Guinea;GNQ;2011;0
Equatorial Guinea;GNQ;2012;0
Equatorial Guinea;GNQ;2013;0
Equatorial Guinea;GNQ;2014;0
Equatorial Guinea;GNQ;2015;0
Equatorial Guinea;GNQ;2016;0
Eritrea;ERI;2000;0
Eritrea;ERI;2001;0
Eritrea;ERI;2002;0
Eritrea;ERI;2003;0
Eritrea;ERI;2004;0
Eritrea;ERI;2005;0
Eritrea;ERI;2006;0
Eritrea;ERI;2007;0
Eritrea;ERI;2008;0
Eritrea;ERI;2009;0
Eritrea;ERI;2010;0
Eritrea;ERI;2011;0
Eritrea;ERI;2012;0
Eritrea;ERI;2013;0
Eritrea;ERI;2014;0
Eritrea;ERI;2015;0
Eritrea;ERI;2016;0
Estonia;EST;2000;2
Estonia;EST;2001;2
Estonia;EST;2002;2
Estonia;EST;2003;2
Estonia;EST;2004;2
Estonia;EST;2005;2
Estonia;EST;2006;2
Estonia;EST;2007;2
Estonia;EST;2008;2
Estonia;EST;2009;2
Estonia;EST;2010;2
Estonia;EST;2011;2
Estonia;EST;2012;2
Estonia;EST;2013;2
Estonia;EST;2014;2
Estonia;EST;2015;2
Estonia;EST;2016;2
Eswatini;SWZ;2000;0
Eswatini;SWZ;2001;0
Eswatini;SWZ;2002;0
Eswatini;SWZ;2003;0
Eswatini;SWZ;2004;0
Eswatini;SWZ;2005;0
Eswatini;SWZ;2006;0
Eswatini;SWZ;2007;0
Eswatini;SWZ;2008;0
Eswatini;SWZ;2009;0
Eswatini;SWZ;2010;0
Eswatini;SWZ;2011;0
Eswatini;SWZ;2012;0
Eswatini;SWZ;2013;0
Eswatini;SWZ;2014;0
Eswatini;SWZ;2015;0
Eswatini;SWZ;2016;0
Ethiopia;ETH;2000;0
Ethiopia;ETH;2001;0
Ethiopia;ETH;2002;0
Ethiopia;ETH;2003;0
Ethiopia;ETH;2004;0
Ethiopia;ETH;2005;0
Ethiopia;ETH;2006;0
Ethiopia;ETH;2007;0
Ethiopia;ETH;2008;0
Ethiopia;ETH;2009;0
Ethiopia;ETH;2010;0
Ethiopia;ETH;2011;0
Ethiopia;ETH;2012;0
Ethiopia;ETH;2013;0
Ethiopia;ETH;2014;0
Ethiopia;ETH;2015;0
Ethiopia;ETH;2016;0
Fiji;FJI;2000;1
Fiji;FJI;2001;1
Fiji;FJI;2002;2
Fiji;FJI;2003;2
Fiji;FJI;2004;2
Fiji;FJI;2005;2
Fiji;FJI;2006;1
Fiji;FJI;2007;1
Fiji;FJI;2008;1
Fiji;FJI;2009;1
Fiji;FJI;2010;1
Fiji;FJI;2011;1
Fiji;FJI;2012;1
Fiji;FJI;2013;1
Fiji;FJI;2014;1
Fiji;FJI;2015;1
Fiji;FJI;2016;1
Finland;FIN;2000;2
Finland;FIN;2001;2
Finland;FIN;2002;2
Finland;FIN;2003;2
Finland;FIN;2004;2
Finland;FIN;2005;2
Finland;FIN;2006;2
Finland;FIN;2007;2
Finland;FIN;2008;2
Finland;FIN;2009;2
Finland;FIN;2010;2
Finland;FIN;2011;2
Finland;FIN;2012;2
Finland;FIN;2013;2
Finland;FIN;2014;2
Finland;FIN;2015;2
Finland;FIN;2016;2
France;FRA;2000;2
France;FRA;2001;2
France;FRA;2002;2
France;FRA;2003;2
France;FRA;2004;2
France;FRA;2005;2
France;FRA;2006;2
France;FRA;2007;2
France;FRA;2008;2
France;FRA;2009;2
France;FRA;2010;2
France;FRA;2011;2
France;FRA;2012;2
France;FRA;2013;2
France;FRA;2014;2
France;FRA;2015;2
France;FRA;2016;2
Gabon;GAB;2000;1
Gabon;GAB;2001;1
Gabon;GAB;2002;1
Gabon;GAB;2003;0
Gabon;GAB;2004;0
Gabon;GAB;2005;0
Gabon;GAB;2006;0
Gabon;GAB;2007;0
Gabon;GAB;2008;0
Gabon;GAB;2009;0
Gabon;GAB;2010;0
Gabon;GAB;2011;0
Gabon;GAB;2012;0
Gabon;GAB;2013;0
Gabon;GAB;2014;0
Gabon;GAB;2015;0
Gabon;GAB;2016;0
Gambia;GMB;2000;0
Gambia;GMB;2001;0
Gambia;GMB;2002;0
Gambia;GMB;2003;0
Gambia;GMB;2004;0
Gambia;GMB;2005;0
Gambia;GMB;2006;0
Gambia;GMB;2007;0
Gambia;GMB;2008;0
Gambia;GMB;2009;0
Gambia;GMB;2010;0
Gambia;GMB;2011;0
Gambia;GMB;2012;0
Gambia;GMB;2013;0
Gambia;GMB;2014;0
Gambia;GMB;2015;0
Gambia;GMB;2016;0
Georgia;GEO;2000;1
Georgia;GEO;2001;1
Georgia;GEO;2002;1
Georgia;GEO;2003;1
Georgia;GEO;2004;1
Georgia;GEO;2005;1
Georgia;GEO;2006;1
Georgia;GEO;2007;1
Georgia;GEO;2008;1
Georgia;GEO;2009;1
Georgia;GEO;2010;1
Georgia;GEO;2011;1
Georgia;GEO;2012;1
Georgia;GEO;2013;1
Georgia;GEO;2014;1
Georgia;GEO;2015;1
Georgia;GEO;2016;1
Germany;DEU;2000;2
Germany;DEU;2001;2
Germany;DEU;2002;2
Germany;DEU;2003;2
Germany;DEU;2004;2
Germany;DEU;2005;2
Germany;DEU;2006;2
Germany;DEU;2007;2
Germany;DEU;2008;2
Germany;DEU;2009;2
Germany;DEU;2010;2
Germany;DEU;2011;2
Germany;DEU;2012;2
Germany;DEU;2013;2
Germany;DEU;2014;2
Germany;DEU;2015;2
Germany;DEU;2016;2
Ghana;GHA;2000;1
Ghana;GHA;2001;2
Ghana;GHA;2002;2
Ghana;GHA;2003;2
Ghana;GHA;2004;2
Ghana;GHA;2005;2
Ghana;GHA;2006;2
Ghana;GHA;2007;2
Ghana;GHA;2008;2
Ghana;GHA;2009;2
Ghana;GHA;2010;2
Ghana;GHA;2011;2
Ghana;GHA;2012;2
Ghana;GHA;2013;2
Ghana;GHA;2014;2
Ghana;GHA;2015;1
Ghana;GHA;2016;1
Greece;GRC;2000;2
Greece;GRC;2001;2
Greece;GRC;2002;2
Greece;GRC;2003;2
Greece;GRC;2004;2
Greece;GRC;2005;2
Greece;GRC;2006;2
Greece;GRC;2007;2
Greece;GRC;2008;2
Greece;GRC;2009;2
Greece;GRC;2010;2
Greece;GRC;2011;2
Greece;GRC;2012;1
Greece;GRC;2013;1
Greece;GRC;2014;1
Greece;GRC;2015;1
Greece;GRC;2016;1
Grenada;GRD;2000;2
Grenada;GRD;2001;2
Grenada;GRD;2002;2
Grenada;GRD;2003;2
Grenada;GRD;2004;2
Grenada;GRD;2005;2
Grenada;GRD;2006;2
Grenada;GRD;2007;2
Grenada;GRD;2008;2
Grenada;GRD;2009;2
Grenada;GRD;2010;2
Grenada;GRD;2011;2
Grenada;GRD;2012;2
Grenada;GRD;2013;2
Grenada;GRD;2014;2
Grenada;GRD;2015;2
Grenada;GRD;2016;2
Guatemala;GTM;2000;1
Guatemala;GTM;2001;1
Guatemala;GTM;2002;1
Guatemala;GTM;2003;0
Guatemala;GTM;2004;1
Guatemala;GTM;2005;1
Guatemala;GTM;2006;1
Guatemala;GTM;2007;1
Guatemala;GTM;2008;1
Guatemala;GTM;2009;1
Guatemala;GTM;2010;1
Guatemala;GTM;2011;1
Guatemala;GTM;2012;1
Guatemala;GTM;2013;1
Guatemala;GTM;2014;1
Guatemala;GTM;2015;1
Guatemala;GTM;2016;1
Guinea;GIN;2000;0
Guinea;GIN;2001;0
Guinea;GIN;2002;0
Guinea;GIN;2003;0
Guinea;GIN;2004;0
Guinea;GIN;2005;0
Guinea;GIN;2006;0
Guinea;GIN;2007;0
Guinea;GIN;2008;0
Guinea;GIN;2009;0
Guinea;GIN;2010;1
Guinea;GIN;2011;0
Guinea;GIN;2012;0
Guinea;GIN;2013;0
Guinea;GIN;2014;0
Guinea;GIN;2015;0
Guinea;GIN;2016;0
Guinea-Bissau;GNB;2000;1
Guinea-Bissau;GNB;2001;1
Guinea-Bissau;GNB;2002;1
Guinea-Bissau;GNB;2003;0
Guinea-Bissau;GNB;2004;1
Guinea-Bissau;GNB;2005;1
Guinea-Bissau;GNB;2006;1
Guinea-Bissau;GNB;2007;1
Guinea-Bissau;GNB;2008;1
Guinea-Bissau;GNB;2009;1
Guinea-Bissau;GNB;2010;1
Guinea-Bissau;GNB;2011;1
Guinea-Bissau;GNB;2012;0
Guinea-Bissau;GNB;2013;0
Guinea-Bissau;GNB;2014;1
Guinea-Bissau;GNB;2015;1
Guinea-Bissau;GNB;2016;1
Guyana;GUY;2000;2
Guyana;GUY;2001;2
Guyana;GUY;2002;2
Guyana;GUY;2003;2
Guyana;GUY;2004;2
Guyana;GUY;2005;2
Guyana;GUY;2006;2
Guyana;GUY;2007;1
Guyana;GUY;2008;2
Guyana;GUY;2009;2
Guyana;GUY;2010;2
Guyana;GUY;2011;1
Guyana;GUY;2012;1
Guyana;GUY;2013;1
Guyana;GUY;2014;1
Guyana;GUY;2015;1
Guyana;GUY;2016;1
Haiti;HTI;2000;1
Haiti;HTI;2001;0
Haiti;HTI;2002;0
Haiti;HTI;2003;0
Haiti;HTI;2004;0
Haiti;HTI;2005;0
Haiti;HTI;2006;1
Haiti;HTI;2007;1
Haiti;HTI;2008;1
Haiti;HTI;2009;1
Haiti;HTI;2010;1
Haiti;HTI;2011;1
Haiti;HTI;2012;1
Haiti;HTI;2013;1
Haiti;HTI;2014;1
Haiti;HTI;2015;1
Haiti;HTI;2016;1
Honduras;HND;2000;1
Honduras;HND;2001;1
Honduras;HND;2002;1
Honduras;HND;2003;1
Honduras;HND;2004;1
Honduras;HND;2005;1
Honduras;HND;2006;1
Honduras;HND;2007;1
Honduras;HND;2008;1
Honduras;HND;2009;1
Honduras;HND;2010;0
Honduras;HND;2011;0
Honduras;HND;2012;0
Honduras;HND;2013;0
Honduras;HND;2014;0
Honduras;HND;2015;0
Honduras;HND;2016;0
Hong Kong;HKG;2004;2
Hong Kong;HKG;2005;2
Hong Kong;HKG;2006;2
Hong Kong;HKG;2007;2
Hong Kong;HKG;2008;1
Hong Kong;HKG;2009;1
Hong Kong;HKG;2010;1
Hong Kong;HKG;2011;1
Hong Kong;HKG;2012;1
Hong Kong;HKG;2013;1
Hong Kong;HKG;2014;1
Hong Kong;HKG;2015;1
Hong Kong;HKG;2016;1
Hungary;HUN;2000;2
Hungary;HUN;2001;2
Hungary;HUN;2002;2
Hungary;HUN;2003;2
Hungary;HUN;2004;2
Hungary;HUN;2005;2
Hungary;HUN;2006;2
Hungary;HUN;2007;2
Hungary;HUN;2008;2
Hungary;HUN;2009;2
Hungary;HUN;2010;2
Hungary;HUN;2011;1
Hungary;HUN;2012;1
Hungary;HUN;2013;1
Hungary;HUN;2014;1
Hungary;HUN;2015;1
Hungary;HUN;2016;1
Iceland;ISL;2000;2
Iceland;ISL;2001;2
Iceland;ISL;2002;2
Iceland;ISL;2003;2
Iceland;ISL;2004;2
Iceland;ISL;2005;2
Iceland;ISL;2006;2
Iceland;ISL;2007;2
Iceland;ISL;2008;2
Iceland;ISL;2009;2
Iceland;ISL;2010;2
Iceland;ISL;2011;2
Iceland;ISL;2012;2
Iceland;ISL;2013;2
Iceland;ISL;2014;2
Iceland;ISL;2015;2
Iceland;ISL;2016;2
India;IND;2000;1
India;IND;2001;1
India;IND;2002;1
India;IND;2003;1
India;IND;2004;1
India;IND;2005;1
India;IND;2006;1
India;IND;2007;1
India;IND;2008;1
India;IND;2009;1
India;IND;2010;1
India;IND;2011;1
India;IND;2012;1
India;IND;2013;1
India;IND;2014;1
India;IND;2015;1
India;IND;2016;1
Indonesia;IDN;2000;1
Indonesia;IDN;2001;1
Indonesia;IDN;2002;1
Indonesia;IDN;2003;1
Indonesia;IDN;2004;1
Indonesia;IDN;2005;1
Indonesia;IDN;2006;1
Indonesia;IDN;2007;1
Indonesia;IDN;2008;1
Indonesia;IDN;2009;1
Indonesia;IDN;2010;1
Indonesia;IDN;2011;1
Indonesia;IDN;2012;1
Indonesia;IDN;2013;1
Indonesia;IDN;2014;1
Indonesia;IDN;2015;1
Indonesia;IDN;2016;1
Iran;IRN;2000;0
Iran;IRN;2001;0
Iran;IRN;2002;0
Iran;IRN;2003;0
Iran;IRN;2004;0
Iran;IRN;2005;0
Iran;IRN;2006;0
Iran;IRN;2007;0
Iran;IRN;2008;0
Iran;IRN;2009;0
Iran;IRN;2010;0
Iran;IRN;2011;0
Iran;IRN;2012;0
Iran;IRN;2013;0
Iran;IRN;2014;0
Iran;IRN;2015;0
Iran;IRN;2016;0
Iraq;IRQ;2000;0
Iraq;IRQ;2001;0
Iraq;IRQ;2002;0
Iraq;IRQ;2003;0
Iraq;IRQ;2004;0
Iraq;IRQ;2005;0
Iraq;IRQ;2006;0
Iraq;IRQ;2007;0
Iraq;IRQ;2008;0
Iraq;IRQ;2009;0
Iraq;IRQ;2010;0
Iraq;IRQ;2011;0
Iraq;IRQ;2012;0
Iraq;IRQ;2013;0
Iraq;IRQ;2014;0
Iraq;IRQ;2015;0
Iraq;IRQ;2016;0
Ireland;IRL;2000;2
Ireland;IRL;2001;2
Ireland;IRL;2002;2
Ireland;IRL;2003;2
Ireland;IRL;2004;2
Ireland;IRL;2005;2
Ireland;IRL;2006;2
Ireland;IRL;2007;2
Ireland;IRL;2008;2
Ireland;IRL;2009;2
Ireland;IRL;2010;2
Ireland;IRL;2011;2
Ireland;IRL;2012;2
Ireland;IRL;2013;2
Ireland;IRL;2014;2
Ireland;IRL;2015;2
Ireland;IRL;2016;2
Israel;ISR;2000;2
Israel;ISR;2001;2
Israel;ISR;2002;2
Israel;ISR;2003;2
Israel;ISR;2004;2
Israel;ISR;2005;2
Israel;ISR;2006;2
Israel;ISR;2007;2
Israel;ISR;2008;1
Israel;ISR;2009;2
Israel;ISR;2010;2
Israel;ISR;2011;2
Israel;ISR;2012;1
Israel;ISR;2013;2
Israel;ISR;2014;2
Israel;ISR;2015;1
Israel;ISR;2016;1
Italy;ITA;2000;2
Italy;ITA;2001;2
Italy;ITA;2002;2
Italy;ITA;2003;1
Italy;ITA;2004;1
Italy;ITA;2005;1
Italy;ITA;2006;2
Italy;ITA;2007;2
Italy;ITA;2008;1
Italy;ITA;2009;1
Italy;ITA;2010;1
Italy;ITA;2011;1
Italy;ITA;2012;1
Italy;ITA;2013;1
Italy;ITA;2014;1
Italy;ITA;2015;1
Italy;ITA;2016;1
Jamaica;JAM;2000;2
Jamaica;JAM;2001;2
Jamaica;JAM;2002;2
Jamaica;JAM;2003;2
Jamaica;JAM;2004;2
Jamaica;JAM;2005;2
Jamaica;JAM;2006;2
Jamaica;JAM;2007;2
Jamaica;JAM;2008;2
Jamaica;JAM;2009;2
Jamaica;JAM;2010;2
Jamaica;JAM;2011;2
Jamaica;JAM;2012;2
Jamaica;JAM;2013;2
Jamaica;JAM;2014;2
Jamaica;JAM;2015;2
Jamaica;JAM;2016;2
Japan;JPN;2000;2
Japan;JPN;2001;2
Japan;JPN;2002;2
Japan;JPN;2003;2
Japan;JPN;2004;2
Japan;JPN;2005;2
Japan;JPN;2006;2
Japan;JPN;2007;2
Japan;JPN;2008;2
Japan;JPN;2009;2
Japan;JPN;2010;2
Japan;JPN;2011;2
Japan;JPN;2012;2
Japan;JPN;2013;2
Japan;JPN;2014;2
Japan;JPN;2015;2
Japan;JPN;2016;2
Jordan;JOR;2000;1
Jordan;JOR;2001;1
Jordan;JOR;2002;0
Jordan;JOR;2003;0
Jordan;JOR;2004;0
Jordan;JOR;2005;0
Jordan;JOR;2006;0
Jordan;JOR;2007;0
Jordan;JOR;2008;0
Jordan;JOR;2009;0
Jordan;JOR;2010;0
Jordan;JOR;2011;0
Jordan;JOR;2012;0
Jordan;JOR;2013;0
Jordan;JOR;2014;0
Jordan;JOR;2015;0
Jordan;JOR;2016;0
Kazakhstan;KAZ;2000;0
Kazakhstan;KAZ;2001;0
Kazakhstan;KAZ;2002;0
Kazakhstan;KAZ;2003;0
Kazakhstan;KAZ;2004;0
Kazakhstan;KAZ;2005;0
Kazakhstan;KAZ;2006;0
Kazakhstan;KAZ;2007;0
Kazakhstan;KAZ;2008;0
Kazakhstan;KAZ;2009;0
Kazakhstan;KAZ;2010;0
Kazakhstan;KAZ;2011;0
Kazakhstan;KAZ;2012;0
Kazakhstan;KAZ;2013;0
Kazakhstan;KAZ;2014;0
Kazakhstan;KAZ;2015;0
Kazakhstan;KAZ;2016;0
Kenya;KEN;2000;0
Kenya;KEN;2001;0
Kenya;KEN;2002;0
Kenya;KEN;2003;1
Kenya;KEN;2004;0
Kenya;KEN;2005;1
Kenya;KEN;2006;1
Kenya;KEN;2007;1
Kenya;KEN;2008;1
Kenya;KEN;2009;1
Kenya;KEN;2010;1
Kenya;KEN;2011;1
Kenya;KEN;2012;1
Kenya;KEN;2013;1
Kenya;KEN;2014;1
Kenya;KEN;2015;1
Kenya;KEN;2016;1
Kiribati;KIR;2000;2
Kiribati;KIR;2001;2
Kiribati;KIR;2002;2
Kiribati;KIR;2003;2
Kiribati;KIR;2004;2
Kiribati;KIR;2005;2
Kiribati;KIR;2006;2
Kiribati;KIR;2007;2
Kiribati;KIR;2008;2
Kiribati;KIR;2009;2
Kiribati;KIR;2010;2
Kiribati;KIR;2011;2
Kiribati;KIR;2012;2
Kiribati;KIR;2013;2
Kiribati;KIR;2014;2
Kiribati;KIR;2015;2
Kiribati;KIR;2016;2
Kosovo;OWID_KOS;2009;1
Kosovo;OWID_KOS;2010;1
Kosovo;OWID_KOS;2011;1
Kosovo;OWID_KOS;2012;1
Kosovo;OWID_KOS;2013;1
Kosovo;OWID_KOS;2014;1
Kosovo;OWID_KOS;2015;1
Kosovo;OWID_KOS;2016;1
Kuwait;KWT;2000;1
Kuwait;KWT;2001;1
Kuwait;KWT;2002;1
Kuwait;KWT;2003;1
Kuwait;KWT;2004;1
Kuwait;KWT;2005;1
Kuwait;KWT;2006;1
Kuwait;KWT;2007;1
Kuwait;KWT;2008;1
Kuwait;KWT;2009;1
Kuwait;KWT;2010;1
Kuwait;KWT;2011;1
Kuwait;KWT;2012;1
Kuwait;KWT;2013;1
Kuwait;KWT;2014;1
Kuwait;KWT;2015;1
Kuwait;KWT;2016;1
Kyrgyzstan;KGZ;2000;0
Kyrgyzstan;KGZ;2001;0
Kyrgyzstan;KGZ;2002;0
Kyrgyzstan;KGZ;2003;0
Kyrgyzstan;KGZ;2004;0
Kyrgyzstan;KGZ;2005;0
Kyrgyzstan;KGZ;2006;0
Kyrgyzstan;KGZ;2007;0
Kyrgyzstan;KGZ;2008;0
Kyrgyzstan;KGZ;2009;0
Kyrgyzstan;KGZ;2010;0
Kyrgyzstan;KGZ;2011;0
Kyrgyzstan;KGZ;2012;0
Kyrgyzstan;KGZ;2013;0
Kyrgyzstan;KGZ;2014;0
Kyrgyzstan;KGZ;2015;0
Kyrgyzstan;KGZ;2016;0
Laos;LAO;2000;0
Laos;LAO;2001;0
Laos;LAO;2002;0
Laos;LAO;2003;0
Laos;LAO;2004;0
Laos;LAO;2005;0
Laos;LAO;2006;0
Laos;LAO;2007;0
Laos;LAO;2008;0
Laos;LAO;2009;0
Laos;LAO;2010;0
Laos;LAO;2011;0
Laos;LAO;2012;0
Laos;LAO;2013;0
Laos;LAO;2014;0
Laos;LAO;2015;0
Laos;LAO;2016;0
Latvia;LVA;2000;2
Latvia;LVA;2001;2
Latvia;LVA;2002;2
Latvia;LVA;2003;2
Latvia;LVA;2004;2
Latvia;LVA;2005;2
Latvia;LVA;2006;2
Latvia;LVA;2007;2
Latvia;LVA;2008;2
Latvia;LVA;2009;2
Latvia;LVA;2010;2
Latvia;LVA;2011;2
Latvia;LVA;2012;2
Latvia;LVA;2013;2
Latvia;LVA;2014;2
Latvia;LVA;2015;2
Latvia;LVA;2016;2
Lebanon;LBN;2000;0
Lebanon;LBN;2001;0
Lebanon;LBN;2002;0
Lebanon;LBN;2003;0
Lebanon;LBN;2004;1
Lebanon;LBN;2005;1
Lebanon;LBN;2006;1
Lebanon;LBN;2007;1
Lebanon;LBN;2008;1
Lebanon;LBN;2009;1
Lebanon;LBN;2010;1
Lebanon;LBN;2011;1
Lebanon;LBN;2012;1
Lebanon;LBN;2013;1
Lebanon;LBN;2014;1
Lebanon;LBN;2015;1
Lebanon;LBN;2016;1
Lesotho;LSO;2000;1
Lesotho;LSO;2001;1
Lesotho;LSO;2002;1
Lesotho;LSO;2003;1
Lesotho;LSO;2004;1
Lesotho;LSO;2005;1
Lesotho;LSO;2006;1
Lesotho;LSO;2007;1
Lesotho;LSO;2008;1
Lesotho;LSO;2009;1
Lesotho;LSO;2010;1
Lesotho;LSO;2011;1
Lesotho;LSO;2012;1
Lesotho;LSO;2013;1
Lesotho;LSO;2014;1
Lesotho;LSO;2015;1
Lesotho;LSO;2016;1
Liberia;LBR;2000;0
Liberia;LBR;2001;0
Liberia;LBR;2002;0
Liberia;LBR;2003;0
Liberia;LBR;2004;0
Liberia;LBR;2005;0
Liberia;LBR;2006;0
Liberia;LBR;2007;0
Liberia;LBR;2008;0
Liberia;LBR;2009;0
Liberia;LBR;2010;1
Liberia;LBR;2011;1
Liberia;LBR;2012;1
Liberia;LBR;2013;1
Liberia;LBR;2014;1
Liberia;LBR;2015;1
Liberia;LBR;2016;1
Libya;LBY;2000;0
Libya;LBY;2001;0
Libya;LBY;2002;0
Libya;LBY;2003;0
Libya;LBY;2004;0
Libya;LBY;2005;0
Libya;LBY;2006;0
Libya;LBY;2007;0
Libya;LBY;2008;0
Libya;LBY;2009;0
Libya;LBY;2010;0
Libya;LBY;2011;1
Libya;LBY;2012;1
Libya;LBY;2013;0
Libya;LBY;2014;0
Libya;LBY;2015;0
Libya;LBY;2016;0
Liechtenstein;LIE;2002;2
Liechtenstein;LIE;2003;2
Liechtenstein;LIE;2004;2
Liechtenstein;LIE;2005;2
Liechtenstein;LIE;2006;2
Liechtenstein;LIE;2007;2
Liechtenstein;LIE;2008;2
Liechtenstein;LIE;2009;2
Liechtenstein;LIE;2010;2
Liechtenstein;LIE;2011;2
Liechtenstein;LIE;2012;2
Liechtenstein;LIE;2013;2
Liechtenstein;LIE;2014;2
Liechtenstein;LIE;2015;2
Liechtenstein;LIE;2016;2
Lithuania;LTU;2000;2
Lithuania;LTU;2001;2
Lithuania;LTU;2002;2
Lithuania;LTU;2003;2
Lithuania;LTU;2004;2
Lithuania;LTU;2005;2
Lithuania;LTU;2006;2
Lithuania;LTU;2007;2
Lithuania;LTU;2008;2
Lithuania;LTU;2009;2
Lithuania;LTU;2010;2
Lithuania;LTU;2011;2
Lithuania;LTU;2012;2
Lithuania;LTU;2013;2
Lithuania;LTU;2014;2
Lithuania;LTU;2015;2
Lithuania;LTU;2016;2
Luxembourg;LUX;2000;2
Luxembourg;LUX;2001;2
Luxembourg;LUX;2002;2
Luxembourg;LUX;2003;2
Luxembourg;LUX;2004;2
Luxembourg;LUX;2005;2
Luxembourg;LUX;2006;2
Luxembourg;LUX;2007;2
Luxembourg;LUX;2008;2
Luxembourg;LUX;2009;2
Luxembourg;LUX;2010;2
Luxembourg;LUX;2011;2
Luxembourg;LUX;2012;2
Luxembourg;LUX;2013;2
Luxembourg;LUX;2014;2
Luxembourg;LUX;2015;2
Luxembourg;LUX;2016;2
Madagascar;MDG;2000;1
Madagascar;MDG;2001;1
Madagascar;MDG;2002;1
Madagascar;MDG;2003;1
Madagascar;MDG;2004;1
Madagascar;MDG;2005;1
Madagascar;MDG;2006;1
Madagascar;MDG;2007;1
Madagascar;MDG;2008;1
Madagascar;MDG;2009;0
Madagascar;MDG;2010;0
Madagascar;MDG;2011;0
Madagascar;MDG;2012;0
Madagascar;MDG;2013;0
Madagascar;MDG;2014;1
Madagascar;MDG;2015;1
Madagascar;MDG;2016;1
Malawi;MWI;2000;1
Malawi;MWI;2001;1
Malawi;MWI;2002;1
Malawi;MWI;2003;1
Malawi;MWI;2004;1
Malawi;MWI;2005;1
Malawi;MWI;2006;1
Malawi;MWI;2007;1
Malawi;MWI;2008;1
Malawi;MWI;2009;1
Malawi;MWI;2010;1
Malawi;MWI;2011;1
Malawi;MWI;2012;1
Malawi;MWI;2013;1
Malawi;MWI;2014;1
Malawi;MWI;2015;1
Malawi;MWI;2016;1
Malaysia;MYS;2000;0
Malaysia;MYS;2001;0
Malaysia;MYS;2002;0
Malaysia;MYS;2003;0
Malaysia;MYS;2004;0
Malaysia;MYS;2005;0
Malaysia;MYS;2006;0
Malaysia;MYS;2007;0
Malaysia;MYS;2008;0
Malaysia;MYS;2009;0
Malaysia;MYS;2010;0
Malaysia;MYS;2011;0
Malaysia;MYS;2012;0
Malaysia;MYS;2013;0
Malaysia;MYS;2014;0
Malaysia;MYS;2015;0
Malaysia;MYS;2016;0
Maldives;MDV;2000;0
Maldives;MDV;2001;0
Maldives;MDV;2002;0
Maldives;MDV;2003;0
Maldives;MDV;2004;0
Maldives;MDV;2005;0
Maldives;MDV;2006;0
Maldives;MDV;2007;0
Maldives;MDV;2008;1
Maldives;MDV;2009;1
Maldives;MDV;2010;1
Maldives;MDV;2011;1
Maldives;MDV;2012;1
Maldives;MDV;2013;1
Maldives;MDV;2014;1
Maldives;MDV;2015;1
Maldives;MDV;2016;0
Mali;MLI;2000;2
Mali;MLI;2001;2
Mali;MLI;2002;2
Mali;MLI;2003;2
Mali;MLI;2004;2
Mali;MLI;2005;2
Mali;MLI;2006;2
Mali;MLI;2007;2
Mali;MLI;2008;2
Mali;MLI;2009;2
Mali;MLI;2010;2
Mali;MLI;2011;2
Mali;MLI;2012;1
Mali;MLI;2013;1
Mali;MLI;2014;1
Mali;MLI;2015;1
Mali;MLI;2016;1
Malta;MLT;2000;2
Malta;MLT;2001;2
Malta;MLT;2002;2
Malta;MLT;2003;2
Malta;MLT;2004;2
Malta;MLT;2005;2
Malta;MLT;2006;2
Malta;MLT;2007;2
Malta;MLT;2008;2
Malta;MLT;2009;2
Malta;MLT;2010;2
Malta;MLT;2011;2
Malta;MLT;2012;2
Malta;MLT;2013;2
Malta;MLT;2014;2
Malta;MLT;2015;2
Malta;MLT;2016;2
Marshall Islands;MHL;2000;2
Marshall Islands;MHL;2001;2
Marshall Islands;MHL;2002;2
Marshall Islands;MHL;2003;2
Marshall Islands;MHL;2004;2
Marshall Islands;MHL;2005;2
Marshall Islands;MHL;2006;2
Marshall Islands;MHL;2007;2
Marshall Islands;MHL;2008;2
Marshall Islands;MHL;2009;2
Marshall Islands;MHL;2010;2
Marshall Islands;MHL;2011;2
Marshall Islands;MHL;2012;2
Marshall Islands;MHL;2013;2
Marshall Islands;MHL;2014;2
Marshall Islands;MHL;2015;2
Marshall Islands;MHL;2016;2
Mauritania;MRT;2000;0
Mauritania;MRT;2001;0
Mauritania;MRT;2002;0
Mauritania;MRT;2003;0
Mauritania;MRT;2004;0
Mauritania;MRT;2005;1
Mauritania;MRT;2006;1
Mauritania;MRT;2007;1
Mauritania;MRT;2008;1
Mauritania;MRT;2009;1
Mauritania;MRT;2010;1
Mauritania;MRT;2011;1
Mauritania;MRT;2012;1
Mauritania;MRT;2013;1
Mauritania;MRT;2014;1
Mauritania;MRT;2015;1
Mauritania;MRT;2016;1
Mauritius;MUS;2000;2
Mauritius;MUS;2001;2
Mauritius;MUS;2002;2
Mauritius;MUS;2003;2
Mauritius;MUS;2004;2
Mauritius;MUS;2005;2
Mauritius;MUS;2006;2
Mauritius;MUS;2007;2
Mauritius;MUS;2008;2
Mauritius;MUS;2009;2
Mauritius;MUS;2010;2
Mauritius;MUS;2011;2
Mauritius;MUS;2012;2
Mauritius;MUS;2013;2
Mauritius;MUS;2014;2
Mauritius;MUS;2015;2
Mauritius;MUS;2016;2
Mexico;MEX;2000;1
Mexico;MEX;2001;1
Mexico;MEX;2002;1
Mexico;MEX;2003;1
Mexico;MEX;2004;1
Mexico;MEX;2005;1
Mexico;MEX;2006;1
Mexico;MEX;2007;1
Mexico;MEX;2008;1
Mexico;MEX;2009;1
Mexico;MEX;2010;0
Mexico;MEX;2011;0
Mexico;MEX;2012;0
Mexico;MEX;2013;0
Mexico;MEX;2014;0
Mexico;MEX;2015;0
Mexico;MEX;2016;0
Micronesia;;2000;2
Micronesia;;2001;2
Micronesia;;2002;2
Micronesia;;2003;2
Micronesia;;2004;2
Micronesia;;2005;2
Micronesia;;2006;2
Micronesia;;2007;2
Micronesia;;2008;2
Micronesia;;2009;2
Micronesia;;2010;2
Micronesia;;2011;2
Micronesia;;2012;2
Micronesia;;2013;2
Micronesia;;2014;2
Micronesia;;2015;2
Micronesia;;2016;2
Moldova;MDA;2000;1
Moldova;MDA;2001;1
Moldova;MDA;2002;1
Moldova;MDA;2003;0
Moldova;MDA;2004;0
Moldova;MDA;2005;0
Moldova;MDA;2006;0
Moldova;MDA;2007;0
Moldova;MDA;2008;0
Moldova;MDA;2009;0
Moldova;MDA;2010;1
Moldova;MDA;2011;1
Moldova;MDA;2012;1
Moldova;MDA;2013;1
Moldova;MDA;2014;1
Moldova;MDA;2015;1
Moldova;MDA;2016;1
Monaco;MCO;2002;2
Monaco;MCO;2003;2
Monaco;MCO;2004;2
Monaco;MCO;2005;2
Monaco;MCO;2006;2
Monaco;MCO;2007;2
Monaco;MCO;2008;2
Monaco;MCO;2009;2
Monaco;MCO;2010;2
Monaco;MCO;2011;2
Monaco;MCO;2012;2
Monaco;MCO;2013;2
Monaco;MCO;2014;2
Monaco;MCO;2015;2
Monaco;MCO;2016;2
Mongolia;MNG;2000;2
Mongolia;MNG;2001;1
Mongolia;MNG;2002;1
Mongolia;MNG;2003;1
Mongolia;MNG;2004;1
Mongolia;MNG;2005;1
Mongolia;MNG;2006;1
Mongolia;MNG;2007;1
Mongolia;MNG;2008;1
Mongolia;MNG;2009;1
Mongolia;MNG;2010;1
Mongolia;MNG;2011;1
Mongolia;MNG;2012;1
Mongolia;MNG;2013;1
Mongolia;MNG;2014;1
Mongolia;MNG;2015;1
Mongolia;MNG;2016;1
Montenegro;MNE;2006;1
Montenegro;MNE;2007;1
Montenegro;MNE;2008;1
Montenegro;MNE;2009;1
Montenegro;MNE;2010;1
Montenegro;MNE;2011;1
Montenegro;MNE;2012;1
Montenegro;MNE;2013;1
Montenegro;MNE;2014;1
Montenegro;MNE;2015;1
Montenegro;MNE;2016;1
Morocco;MAR;2000;1
Morocco;MAR;2001;1
Morocco;MAR;2002;1
Morocco;MAR;2003;0
Morocco;MAR;2004;0
Morocco;MAR;2005;0
Morocco;MAR;2006;0
Morocco;MAR;2007;0
Morocco;MAR;2008;0
Morocco;MAR;2009;0
Morocco;MAR;2010;0
Morocco;MAR;2011;0
Morocco;MAR;2012;0
Morocco;MAR;2013;0
Morocco;MAR;2014;0
Morocco;MAR;2015;0
Morocco;MAR;2016;0
Mozambique;MOZ;2000;1
Mozambique;MOZ;2001;1
Mozambique;MOZ;2002;1
Mozambique;MOZ;2003;1
Mozambique;MOZ;2004;1
Mozambique;MOZ;2005;1
Mozambique;MOZ;2006;1
Mozambique;MOZ;2007;1
Mozambique;MOZ;2008;1
Mozambique;MOZ;2009;1
Mozambique;MOZ;2010;1
Mozambique;MOZ;2011;1
Mozambique;MOZ;2012;1
Mozambique;MOZ;2013;1
Mozambique;MOZ;2014;1
Mozambique;MOZ;2015;1
Mozambique;MOZ;2016;1
Myanmar;MMR;2000;0
Myanmar;MMR;2001;0
Myanmar;MMR;2002;0
Myanmar;MMR;2003;0
Myanmar;MMR;2004;0
Myanmar;MMR;2005;0
Myanmar;MMR;2006;0
Myanmar;MMR;2007;0
Myanmar;MMR;2008;0
Myanmar;MMR;2009;0
Myanmar;MMR;2010;0
Myanmar;MMR;2011;0
Myanmar;MMR;2012;0
Myanmar;MMR;2013;0
Myanmar;MMR;2014;0
Myanmar;MMR;2015;0
Myanmar;MMR;2016;0
Namibia;NAM;2000;1
Namibia;NAM;2001;1
Namibia;NAM;2002;1
Namibia;NAM;2003;1
Namibia;NAM;2004;2
Namibia;NAM;2005;2
Namibia;NAM;2006;2
Namibia;NAM;2007;2
Namibia;NAM;2008;2
Namibia;NAM;2009;1
Namibia;NAM;2010;1
Namibia;NAM;2011;1
Namibia;NAM;2012;1
Namibia;NAM;2013;1
Namibia;NAM;2014;1
Namibia;NAM;2015;1
Namibia;NAM;2016;1
Nauru;NRU;2000;2
Nauru;NRU;2001;2
Nauru;NRU;2002;2
Nauru;NRU;2003;2
Nauru;NRU;2004;2
Nauru;NRU;2005;2
Nauru;NRU;2006;2
Nauru;NRU;2007;2
Nauru;NRU;2008;2
Nauru;NRU;2009;2
Nauru;NRU;2010;2
Nauru;NRU;2011;2
Nauru;NRU;2012;2
Nauru;NRU;2013;1
Nauru;NRU;2014;1
Nauru;NRU;2015;1
Nauru;NRU;2016;1
Nepal;NPL;2000;1
Nepal;NPL;2001;1
Nepal;NPL;2002;0
Nepal;NPL;2003;0
Nepal;NPL;2004;0
Nepal;NPL;2005;0
Nepal;NPL;2006;1
Nepal;NPL;2007;1
Nepal;NPL;2008;1
Nepal;NPL;2009;1
Nepal;NPL;2010;1
Nepal;NPL;2011;1
Nepal;NPL;2012;1
Nepal;NPL;2013;1
Nepal;NPL;2014;1
Nepal;NPL;2015;1
Nepal;NPL;2016;1
Netherlands;NLD;2000;2
Netherlands;NLD;2001;2
Netherlands;NLD;2002;2
Netherlands;NLD;2003;2
Netherlands;NLD;2004;2
Netherlands;NLD;2005;2
Netherlands;NLD;2006;2
Netherlands;NLD;2007;2
Netherlands;NLD;2008;2
Netherlands;NLD;2009;2
Netherlands;NLD;2010;2
Netherlands;NLD;2011;2
Netherlands;NLD;2012;2
Netherlands;NLD;2013;2
Netherlands;NLD;2014;2
Netherlands;NLD;2015;2
Netherlands;NLD;2016;2
New Zealand;NZL;2000;2
New Zealand;NZL;2001;2
New Zealand;NZL;2002;2
New Zealand;NZL;2003;2
New Zealand;NZL;2004;2
New Zealand;NZL;2005;2
New Zealand;NZL;2006;2
New Zealand;NZL;2007;2
New Zealand;NZL;2008;2
New Zealand;NZL;2009;2
New Zealand;NZL;2010;2
New Zealand;NZL;2011;2
New Zealand;NZL;2012;2
New Zealand;NZL;2013;2
New Zealand;NZL;2014;2
New Zealand;NZL;2015;2
New Zealand;NZL;2016;2
Nicaragua;NIC;2000;1
Nicaragua;NIC;2001;1
Nicaragua;NIC;2002;1
Nicaragua;NIC;2003;1
Nicaragua;NIC;2004;1
Nicaragua;NIC;2005;1
Nicaragua;NIC;2006;1
Nicaragua;NIC;2007;1
Nicaragua;NIC;2008;1
Nicaragua;NIC;2009;1
Nicaragua;NIC;2010;1
Nicaragua;NIC;2011;1
Nicaragua;NIC;2012;1
Nicaragua;NIC;2013;1
Nicaragua;NIC;2014;1
Nicaragua;NIC;2015;1
Nicaragua;NIC;2016;1
Niger;NER;2000;0
Niger;NER;2001;1
Niger;NER;2002;1
Niger;NER;2003;1
Niger;NER;2004;1
Niger;NER;2005;1
Niger;NER;2006;1
Niger;NER;2007;0
Niger;NER;2008;0
Niger;NER;2009;0
Niger;NER;2010;1
Niger;NER;2011;1
Niger;NER;2012;1
Niger;NER;2013;1
Niger;NER;2014;1
Niger;NER;2015;1
Niger;NER;2016;1
Nigeria;NGA;2000;1
Nigeria;NGA;2001;1
Nigeria;NGA;2002;1
Nigeria;NGA;2003;1
Nigeria;NGA;2004;1
Nigeria;NGA;2005;1
Nigeria;NGA;2006;1
Nigeria;NGA;2007;1
Nigeria;NGA;2008;1
Nigeria;NGA;2009;1
Nigeria;NGA;2010;1
Nigeria;NGA;2011;1
Nigeria;NGA;2012;1
Nigeria;NGA;2013;1
Nigeria;NGA;2014;1
Nigeria;NGA;2015;1
Nigeria;NGA;2016;1
North Korea;PRK;2000;0
North Korea;PRK;2001;0
North Korea;PRK;2002;0
North Korea;PRK;2003;0
North Korea;PRK;2004;0
North Korea;PRK;2005;0
North Korea;PRK;2006;0
North Korea;PRK;2007;0
North Korea;PRK;2008;0
North Korea;PRK;2009;0
North Korea;PRK;2010;0
North Korea;PRK;2011;0
North Korea;PRK;2012;0
North Korea;PRK;2013;0
North Korea;PRK;2014;0
North Korea;PRK;2015;0
North Korea;PRK;2016;0
North Macedonia;MKD;2000;1
North Macedonia;MKD;2001;1
North Macedonia;MKD;2002;1
North Macedonia;MKD;2003;1
North Macedonia;MKD;2004;1
North Macedonia;MKD;2005;1
North Macedonia;MKD;2006;1
North Macedonia;MKD;2007;1
North Macedonia;MKD;2008;1
North Macedonia;MKD;2009;1
North Macedonia;MKD;2010;1
North Macedonia;MKD;2011;1
North Macedonia;MKD;2012;1
North Macedonia;MKD;2013;1
North Macedonia;MKD;2014;1
North Macedonia;MKD;2015;0
North Macedonia;MKD;2016;0
Norway;NOR;2000;2
Norway;NOR;2001;2
Norway;NOR;2002;2
Norway;NOR;2003;2
Norway;NOR;2004;2
Norway;NOR;2005;2
Norway;NOR;2006;2
Norway;NOR;2007;2
Norway;NOR;2008;2
Norway;NOR;2009;2
Norway;NOR;2010;2
Norway;NOR;2011;2
Norway;NOR;2012;2
Norway;NOR;2013;2
Norway;NOR;2014;2
Norway;NOR;2015;2
Norway;NOR;2016;2
Oman;OMN;2000;0
Oman;OMN;2001;0
Oman;OMN;2002;0
Oman;OMN;2003;0
Oman;OMN;2004;0
Oman;OMN;2005;0
Oman;OMN;2006;0
Oman;OMN;2007;0
Oman;OMN;2008;0
Oman;OMN;2009;0
Oman;OMN;2010;0
Oman;OMN;2011;0
Oman;OMN;2012;0
Oman;OMN;2013;0
Oman;OMN;2014;0
Oman;OMN;2015;0
Oman;OMN;2016;0
Pakistan;PAK;2000;1
Pakistan;PAK;2001;1
Pakistan;PAK;2002;1
Pakistan;PAK;2003;1
Pakistan;PAK;2004;0
Pakistan;PAK;2005;0
Pakistan;PAK;2006;0
Pakistan;PAK;2007;0
Pakistan;PAK;2008;0
Pakistan;PAK;2009;0
Pakistan;PAK;2010;0
Pakistan;PAK;2011;0
Pakistan;PAK;2012;0
Pakistan;PAK;2013;0
Pakistan;PAK;2014;0
Pakistan;PAK;2015;0
Pakistan;PAK;2016;0
Palau;PLW;2002;2
Palau;PLW;2003;2
Palau;PLW;2004;2
Palau;PLW;2005;2
Palau;PLW;2006;2
Palau;PLW;2007;2
Palau;PLW;2008;2
Palau;PLW;2009;2
Palau;PLW;2010;2
Palau;PLW;2011;2
Palau;PLW;2012;2
Palau;PLW;2013;2
Palau;PLW;2014;2
Palau;PLW;2015;2
Palau;PLW;2016;2
Panama;PAN;2000;2
Panama;PAN;2001;2
Panama;PAN;2002;1
Panama;PAN;2003;1
Panama;PAN;2004;1
Panama;PAN;2005;1
Panama;PAN;2006;1
Panama;PAN;2007;1
Panama;PAN;2008;1
Panama;PAN;2009;1
Panama;PAN;2010;1
Panama;PAN;2011;1
Panama;PAN;2012;1
Panama;PAN;2013;1
Panama;PAN;2014;1
Panama;PAN;2015;1
Panama;PAN;2016;1
Papua New Guinea;PNG;2000;2
Papua New Guinea;PNG;2001;2
Papua New Guinea;PNG;2002;2
Papua New Guinea;PNG;2003;2
Papua New Guinea;PNG;2004;2
Papua New Guinea;PNG;2005;2
Papua New Guinea;PNG;2006;2
Papua New Guinea;PNG;2007;2
Papua New Guinea;PNG;2008;2
Papua New Guinea;PNG;2009;2
Papua New Guinea;PNG;2010;2
Papua New Guinea;PNG;2011;2
Papua New Guinea;PNG;2012;2
Papua New Guinea;PNG;2013;2
Papua New Guinea;PNG;2014;2
Papua New Guinea;PNG;2015;2
Papua New Guinea;PNG;2016;2
Paraguay;PRY;2000;1
Paraguay;PRY;2001;1
Paraguay;PRY;2002;1
Paraguay;PRY;2003;1
Paraguay;PRY;2004;1
Paraguay;PRY;2005;1
Paraguay;PRY;2006;1
Paraguay;PRY;2007;1
Paraguay;PRY;2008;1
Paraguay;PRY;2009;1
Paraguay;PRY;2010;1
Paraguay;PRY;2011;1
Paraguay;PRY;2012;0
Paraguay;PRY;2013;1
Paraguay;PRY;2014;1
Paraguay;PRY;2015;1
Paraguay;PRY;2016;1
Peru;PER;2000;1
Peru;PER;2001;2
Peru;PER;2002;1
Peru;PER;2003;1
Peru;PER;2004;1
Peru;PER;2005;1
Peru;PER;2006;1
Peru;PER;2007;1
Peru;PER;2008;1
Peru;PER;2009;1
Peru;PER;2010;1
Peru;PER;2011;1
Peru;PER;2012;1
Peru;PER;2013;1
Peru;PER;2014;1
Peru;PER;2015;1
Peru;PER;2016;1
Philippines;PHL;2000;2
Philippines;PHL;2001;2
Philippines;PHL;2002;2
Philippines;PHL;2003;1
Philippines;PHL;2004;1
Philippines;PHL;2005;1
Philippines;PHL;2006;1
Philippines;PHL;2007;1
Philippines;PHL;2008;1
Philippines;PHL;2009;1
Philippines;PHL;2010;1
Philippines;PHL;2011;1
Philippines;PHL;2012;1
Philippines;PHL;2013;1
Philippines;PHL;2014;1
Philippines;PHL;2015;1
Philippines;PHL;2016;1
Poland;POL;2000;2
Poland;POL;2001;2
Poland;POL;2002;2
Poland;POL;2003;2
Poland;POL;2004;2
Poland;POL;2005;2
Poland;POL;2006;2
Poland;POL;2007;2
Poland;POL;2008;2
Poland;POL;2009;2
Poland;POL;2010;2
Poland;POL;2011;2
Poland;POL;2012;2
Poland;POL;2013;2
Poland;POL;2014;2
Poland;POL;2015;2
Poland;POL;2016;1
Portugal;PRT;2000;2
Portugal;PRT;2001;2
Portugal;PRT;2002;2
Portugal;PRT;2003;2
Portugal;PRT;2004;2
Portugal;PRT;2005;2
Portugal;PRT;2006;2
Portugal;PRT;2007;2
Portugal;PRT;2008;2
Portugal;PRT;2009;2
Portugal;PRT;2010;2
Portugal;PRT;2011;2
Portugal;PRT;2012;2
Portugal;PRT;2013;2
Portugal;PRT;2014;2
Portugal;PRT;2015;2
Portugal;PRT;2016;2
Qatar;QAT;2000;0
Qatar;QAT;2001;0
Qatar;QAT;2002;0
Qatar;QAT;2003;0
Qatar;QAT;2004;0
Qatar;QAT;2005;0
Qatar;QAT;2006;0
Qatar;QAT;2007;0
Qatar;QAT;2008;0
Qatar;QAT;2009;0
Qatar;QAT;2010;0
Qatar;QAT;2011;0
Qatar;QAT;2012;0
Qatar;QAT;2013;0
Qatar;QAT;2014;0
Qatar;QAT;2015;0
Qatar;QAT;2016;0
Romania;ROU;2000;1
Romania;ROU;2001;1
Romania;ROU;2002;1
Romania;ROU;2003;1
Romania;ROU;2004;1
Romania;ROU;2005;1
Romania;ROU;2006;1
Romania;ROU;2007;1
Romania;ROU;2008;1
Romania;ROU;2009;1
Romania;ROU;2010;1
Romania;ROU;2011;1
Romania;ROU;2012;1
Romania;ROU;2013;1
Romania;ROU;2014;1
Romania;ROU;2015;1
Romania;ROU;2016;1
Russia;RUS;2000;1
Russia;RUS;2001;1
Russia;RUS;2002;0
Russia;RUS;2003;0
Russia;RUS;2004;0
Russia;RUS;2005;0
Russia;RUS;2006;0
Russia;RUS;2007;0
Russia;RUS;2008;0
Russia;RUS;2009;0
Russia;RUS;2010;0
Russia;RUS;2011;0
Russia;RUS;2012;0
Russia;RUS;2013;0
Russia;RUS;2014;0
Russia;RUS;2015;0
Russia;RUS;2016;0
Rwanda;RWA;2000;0
Rwanda;RWA;2001;0
Rwanda;RWA;2002;0
Rwanda;RWA;2003;0
Rwanda;RWA;2004;0
Rwanda;RWA;2005;0
Rwanda;RWA;2006;0
Rwanda;RWA;2007;0
Rwanda;RWA;2008;0
Rwanda;RWA;2009;0
Rwanda;RWA;2010;0
Rwanda;RWA;2011;0
Rwanda;RWA;2012;0
Rwanda;RWA;2013;0
Rwanda;RWA;2014;0
Rwanda;RWA;2015;0
Rwanda;RWA;2016;0
Saint Kitts and Nevis;KNA;2000;2
Saint Kitts and Nevis;KNA;2001;2
Saint Kitts and Nevis;KNA;2002;2
Saint Kitts and Nevis;KNA;2003;2
Saint Kitts and Nevis;KNA;2004;2
Saint Kitts and Nevis;KNA;2005;2
Saint Kitts and Nevis;KNA;2006;2
Saint Kitts and Nevis;KNA;2007;2
Saint Kitts and Nevis;KNA;2008;2
Saint Kitts and Nevis;KNA;2009;2
Saint Kitts and Nevis;KNA;2010;2
Saint Kitts and Nevis;KNA;2011;2
Saint Kitts and Nevis;KNA;2012;2
Saint Kitts and Nevis;KNA;2013;2
Saint Kitts and Nevis;KNA;2014;2
Saint Kitts and Nevis;KNA;2015;2
Saint Kitts and Nevis;KNA;2016;2
Saint Lucia;LCA;2000;2
Saint Lucia;LCA;2001;2
Saint Lucia;LCA;2002;2
Saint Lucia;LCA;2003;2
Saint Lucia;LCA;2004;2
Saint Lucia;LCA;2005;2
Saint Lucia;LCA;2006;2
Saint Lucia;LCA;2007;2
Saint Lucia;LCA;2008;2
Saint Lucia;LCA;2009;2
Saint Lucia;LCA;2010;2
Saint Lucia;LCA;2011;2
Saint Lucia;LCA;2012;2
Saint Lucia;LCA;2013;2
Saint Lucia;LCA;2014;2
Saint Lucia;LCA;2015;2
Saint Lucia;LCA;2016;2
Saint Vincent and the Grenadines;VCT;2000;2
Saint Vincent and the Grenadines;VCT;2001;2
Saint Vincent and the Grenadines;VCT;2002;2
Saint Vincent and the Grenadines;VCT;2003;2
Saint Vincent and the Grenadines;VCT;2004;2
Saint Vincent and the Grenadines;VCT;2005;2
Saint Vincent and the Grenadines;VCT;2006;2
Saint Vincent and the Grenadines;VCT;2007;2
Saint Vincent and the Grenadines;VCT;2008;2
Saint Vincent and the Grenadines;VCT;2009;2
Saint Vincent and the Grenadines;VCT;2010;2
Saint Vincent and the Grenadines;VCT;2011;2
Saint Vincent and the Grenadines;VCT;2012;2
Saint Vincent and the Grenadines;VCT;2013;2
Saint Vincent and the Grenadines;VCT;2014;2
Saint Vincent and the Grenadines;VCT;2015;2
Saint Vincent and the Grenadines;VCT;2016;2
Samoa;WSM;2000;2
Samoa;WSM;2001;2
Samoa;WSM;2002;2
Samoa;WSM;2003;2
Samoa;WSM;2004;2
Samoa;WSM;2005;2
Samoa;WSM;2006;2
Samoa;WSM;2007;2
Samoa;WSM;2008;2
Samoa;WSM;2009;2
Samoa;WSM;2010;2
Samoa;WSM;2011;2
Samoa;WSM;2012;2
Samoa;WSM;2013;2
Samoa;WSM;2014;2
Samoa;WSM;2015;2
Samoa;WSM;2016;2
San Marino;SMR;2002;2
San Marino;SMR;2003;2
San Marino;SMR;2004;2
San Marino;SMR;2005;2
San Marino;SMR;2006;2
San Marino;SMR;2007;2
San Marino;SMR;2008;2
San Marino;SMR;2009;2
San Marino;SMR;2010;2
San Marino;SMR;2011;2
San Marino;SMR;2012;2
San Marino;SMR;2013;2
San Marino;SMR;2014;2
San Marino;SMR;2015;2
San Marino;SMR;2016;2
Sao Tome and Principe;STP;2000;2
Sao Tome and Principe;STP;2001;2
Sao Tome and Principe;STP;2002;2
Sao Tome and Principe;STP;2003;2
Sao Tome and Principe;STP;2004;2
Sao Tome and Principe;STP;2005;2
Sao Tome and Principe;STP;2006;2
Sao Tome and Principe;STP;2007;2
Sao Tome and Principe;STP;2008;2
Sao Tome and Principe;STP;2009;2
Sao Tome and Principe;STP;2010;2
Sao Tome and Principe;STP;2011;2
Sao Tome and Principe;STP;2012;2
Sao Tome and Principe;STP;2013;2
Sao Tome and Principe;STP;2014;2
Sao Tome and Principe;STP;2015;2
Sao Tome and Principe;STP;2016;2
Saudi Arabia;SAU;2000;0
Saudi Arabia;SAU;2001;0
Saudi Arabia;SAU;2002;0
Saudi Arabia;SAU;2003;0
Saudi Arabia;SAU;2004;0
Saudi Arabia;SAU;2005;0
Saudi Arabia;SAU;2006;0
Saudi Arabia;SAU;2007;0
Saudi Arabia;SAU;2008;0
Saudi Arabia;SAU;2009;0
Saudi Arabia;SAU;2010;0
Saudi Arabia;SAU;2011;0
Saudi Arabia;SAU;2012;0
Saudi Arabia;SAU;2013;0
Saudi Arabia;SAU;2014;0
Saudi Arabia;SAU;2015;0
Saudi Arabia;SAU;2016;0
Senegal;SEN;2000;1
Senegal;SEN;2001;1
Senegal;SEN;2002;1
Senegal;SEN;2003;1
Senegal;SEN;2004;1
Senegal;SEN;2005;1
Senegal;SEN;2006;1
Senegal;SEN;2007;1
Senegal;SEN;2008;1
Senegal;SEN;2009;1
Senegal;SEN;2010;1
Senegal;SEN;2011;1
Senegal;SEN;2012;1
Senegal;SEN;2013;1
Senegal;SEN;2014;1
Senegal;SEN;2015;1
Senegal;SEN;2016;1
Serbia;SRB;2006;1
Serbia;SRB;2007;1
Serbia;SRB;2008;1
Serbia;SRB;2009;1
Serbia;SRB;2010;1
Serbia;SRB;2011;1
Serbia;SRB;2012;1
Serbia;SRB;2013;1
Serbia;SRB;2014;1
Serbia;SRB;2015;1
Serbia;SRB;2016;1
Serbia and Montenegro;OWID_SRM;2000;1
Serbia and Montenegro;OWID_SRM;2001;1
Serbia and Montenegro;OWID_SRM;2002;1
Serbia and Montenegro;OWID_SRM;2003;1
Serbia and Montenegro;OWID_SRM;2004;1
Serbia and Montenegro;OWID_SRM;2005;1
Seychelles;SYC;2000;1
Seychelles;SYC;2001;1
Seychelles;SYC;2002;1
Seychelles;SYC;2003;1
Seychelles;SYC;2004;1
Seychelles;SYC;2005;1
Seychelles;SYC;2006;1
Seychelles;SYC;2007;1
Seychelles;SYC;2008;1
Seychelles;SYC;2009;1
Seychelles;SYC;2010;1
Seychelles;SYC;2011;1
Seychelles;SYC;2012;1
Seychelles;SYC;2013;1
Seychelles;SYC;2014;1
Seychelles;SYC;2015;1
Seychelles;SYC;2016;1
Sierra Leone;SLE;2000;0
Sierra Leone;SLE;2001;0
Sierra Leone;SLE;2002;0
Sierra Leone;SLE;2003;1
Sierra Leone;SLE;2004;1
Sierra Leone;SLE;2005;1
Sierra Leone;SLE;2006;1
Sierra Leone;SLE;2007;1
Sierra Leone;SLE;2008;1
Sierra Leone;SLE;2009;1
Sierra Leone;SLE;2010;1
Sierra Leone;SLE;2011;1
Sierra Leone;SLE;2012;1
Sierra Leone;SLE;2013;1
Sierra Leone;SLE;2014;1
Sierra Leone;SLE;2015;1
Sierra Leone;SLE;2016;1
Singapore;SGP;2000;0
Singapore;SGP;2001;0
Singapore;SGP;2002;0
Singapore;SGP;2003;0
Singapore;SGP;2004;0
Singapore;SGP;2005;0
Singapore;SGP;2006;0
Singapore;SGP;2007;0
Singapore;SGP;2008;0
Singapore;SGP;2009;0
Singapore;SGP;2010;0
Singapore;SGP;2011;0
Singapore;SGP;2012;0
Singapore;SGP;2013;0
Singapore;SGP;2014;0
Singapore;SGP;2015;0
Singapore;SGP;2016;0
Slovakia;SVK;2000;2
Slovakia;SVK;2001;2
Slovakia;SVK;2002;2
Slovakia;SVK;2003;2
Slovakia;SVK;2004;2
Slovakia;SVK;2005;2
Slovakia;SVK;2006;2
Slovakia;SVK;2007;2
Slovakia;SVK;2008;2
Slovakia;SVK;2009;2
Slovakia;SVK;2010;2
Slovakia;SVK;2011;2
Slovakia;SVK;2012;2
Slovakia;SVK;2013;2
Slovakia;SVK;2014;2
Slovakia;SVK;2015;2
Slovakia;SVK;2016;2
Slovenia;SVN;2000;2
Slovenia;SVN;2001;2
Slovenia;SVN;2002;2
Slovenia;SVN;2003;2
Slovenia;SVN;2004;2
Slovenia;SVN;2005;2
Slovenia;SVN;2006;2
Slovenia;SVN;2007;2
Slovenia;SVN;2008;2
Slovenia;SVN;2009;2
Slovenia;SVN;2010;2
Slovenia;SVN;2011;2
Slovenia;SVN;2012;2
Slovenia;SVN;2013;2
Slovenia;SVN;2014;2
Slovenia;SVN;2015;2
Slovenia;SVN;2016;2
Solomon Islands;SLB;2000;2
Solomon Islands;SLB;2001;2
Solomon Islands;SLB;2002;2
Solomon Islands;SLB;2003;2
Solomon Islands;SLB;2004;2
Solomon Islands;SLB;2005;2
Solomon Islands;SLB;2006;2
Solomon Islands;SLB;2007;2
Solomon Islands;SLB;2008;2
Solomon Islands;SLB;2009;2
Solomon Islands;SLB;2010;2
Solomon Islands;SLB;2011;2
Solomon Islands;SLB;2012;2
Solomon Islands;SLB;2013;2
Solomon Islands;SLB;2014;2
Solomon Islands;SLB;2015;2
Solomon Islands;SLB;2016;2
Somalia;SOM;2000;0
Somalia;SOM;2001;0
Somalia;SOM;2002;0
Somalia;SOM;2003;0
Somalia;SOM;2004;0
Somalia;SOM;2005;0
Somalia;SOM;2006;0
Somalia;SOM;2007;0
Somalia;SOM;2008;0
Somalia;SOM;2009;0
Somalia;SOM;2010;0
Somalia;SOM;2011;0
Somalia;SOM;2012;0
Somalia;SOM;2013;0
Somalia;SOM;2014;0
Somalia;SOM;2015;0
Somalia;SOM;2016;0
Somaliland;OWID_SML;2014;1
Somaliland;OWID_SML;2015;1
Somaliland;OWID_SML;2016;1
South Africa;ZAF;2000;2
South Africa;ZAF;2001;2
South Africa;ZAF;2002;2
South Africa;ZAF;2003;2
South Africa;ZAF;2004;2
South Africa;ZAF;2005;2
South Africa;ZAF;2006;2
South Africa;ZAF;2007;2
South Africa;ZAF;2008;2
South Africa;ZAF;2009;1
South Africa;ZAF;2010;1
South Africa;ZAF;2011;1
South Africa;ZAF;2012;1
South Africa;ZAF;2013;1
South Africa;ZAF;2014;1
South Africa;ZAF;2015;1
South Africa;ZAF;2016;1
South Korea;KOR;2000;2
South Korea;KOR;2001;2
South Korea;KOR;2002;2
South Korea;KOR;2003;2
South Korea;KOR;2004;2
South Korea;KOR;2005;2
South Korea;KOR;2006;2
South Korea;KOR;2007;2
South Korea;KOR;2008;2
South Korea;KOR;2009;2
South Korea;KOR;2010;1
South Korea;KOR;2011;1
South Korea;KOR;2012;1
South Korea;KOR;2013;1
South Korea;KOR;2014;1
South Korea;KOR;2015;1
South Korea;KOR;2016;1
South Sudan;SSD;2011;1
South Sudan;SSD;2012;1
South Sudan;SSD;2013;0
South Sudan;SSD;2014;0
South Sudan;SSD;2015;0
South Sudan;SSD;2016;0
Spain;ESP;2000;2
Spain;ESP;2001;2
Spain;ESP;2002;2
Spain;ESP;2003;2
Spain;ESP;2004;2
Spain;ESP;2005;2
Spain;ESP;2006;2
Spain;ESP;2007;2
Spain;ESP;2008;2
Spain;ESP;2009;2
Spain;ESP;2010;2
Spain;ESP;2011;2
Spain;ESP;2012;2
Spain;ESP;2013;2
Spain;ESP;2014;2
Spain;ESP;2015;2
Spain;ESP;2016;2
Sri Lanka;LKA;2000;0
Sri Lanka;LKA;2001;0
Sri Lanka;LKA;2002;1
Sri Lanka;LKA;2003;1
Sri Lanka;LKA;2004;1
Sri Lanka;LKA;2005;1
Sri Lanka;LKA;2006;0
Sri Lanka;LKA;2007;0
Sri Lanka;LKA;2008;0
Sri Lanka;LKA;2009;0
Sri Lanka;LKA;2010;0
Sri Lanka;LKA;2011;0
Sri Lanka;LKA;2012;0
Sri Lanka;LKA;2013;0
Sri Lanka;LKA;2014;0
Sri Lanka;LKA;2015;0
Sri Lanka;LKA;2016;0
Sudan;SDN;2000;0
Sudan;SDN;2001;0
Sudan;SDN;2002;0
Sudan;SDN;2003;0
Sudan;SDN;2004;0
Sudan;SDN;2005;0
Sudan;SDN;2006;0
Sudan;SDN;2007;0
Sudan;SDN;2008;0
Sudan;SDN;2009;0
Sudan;SDN;2010;0
Sudan;SDN;2011;0
Sudan;SDN;2012;0
Sudan;SDN;2013;0
Sudan;SDN;2014;0
Sudan;SDN;2015;0
Sudan;SDN;2016;0
Suriname;SUR;2000;2
Suriname;SUR;2001;2
Suriname;SUR;2002;2
Suriname;SUR;2003;2
Suriname;SUR;2004;2
Suriname;SUR;2005;2
Suriname;SUR;2006;2
Suriname;SUR;2007;2
Suriname;SUR;2008;2
Suriname;SUR;2009;2
Suriname;SUR;2010;2
Suriname;SUR;2011;2
Suriname;SUR;2012;2
Suriname;SUR;2013;2
Suriname;SUR;2014;2
Suriname;SUR;2015;2
Suriname;SUR;2016;2
Sweden;SWE;2000;2
Sweden;SWE;2001;2
Sweden;SWE;2002;2
Sweden;SWE;2003;2
Sweden;SWE;2004;2
Sweden;SWE;2005;2
Sweden;SWE;2006;2
Sweden;SWE;2007;2
Sweden;SWE;2008;2
Sweden;SWE;2009;2
Sweden;SWE;2010;2
Sweden;SWE;2011;2
Sweden;SWE;2012;2
Sweden;SWE;2013;2
Sweden;SWE;2014;2
Sweden;SWE;2015;2
Sweden;SWE;2016;2
Switzerland;CHE;2000;2
Switzerland;CHE;2001;2
Switzerland;CHE;2002;2
Switzerland;CHE;2003;2
Switzerland;CHE;2004;2
Switzerland;CHE;2005;2
Switzerland;CHE;2006;2
Switzerland;CHE;2007;2
Switzerland;CHE;2008;2
Switzerland;CHE;2009;2
Switzerland;CHE;2010;2
Switzerland;CHE;2011;2
Switzerland;CHE;2012;2
Switzerland;CHE;2013;2
Switzerland;CHE;2014;2
Switzerland;CHE;2015;2
Switzerland;CHE;2016;2
Syria;SYR;2000;0
Syria;SYR;2001;0
Syria;SYR;2002;0
Syria;SYR;2003;0
Syria;SYR;2004;0
Syria;SYR;2005;0
Syria;SYR;2006;0
Syria;SYR;2007;0
Syria;SYR;2008;0
Syria;SYR;2009;0
Syria;SYR;2010;0
Syria;SYR;2011;0
Syria;SYR;2012;0
Syria;SYR;2013;0
Syria;SYR;2014;0
Syria;SYR;2015;0
Syria;SYR;2016;0
Taiwan;TWN;2000;2
Taiwan;TWN;2001;2
Taiwan;TWN;2002;2
Taiwan;TWN;2003;2
Taiwan;TWN;2004;2
Taiwan;TWN;2005;2
Taiwan;TWN;2006;2
Taiwan;TWN;2007;2
Taiwan;TWN;2008;2
Taiwan;TWN;2009;2
Taiwan;TWN;2010;2
Taiwan;TWN;2011;2
Taiwan;TWN;2012;2
Taiwan;TWN;2013;2
Taiwan;TWN;2014;2
Taiwan;TWN;2015;2
Taiwan;TWN;2016;2
Tajikistan;TJK;2000;0
Tajikistan;TJK;2001;0
Tajikistan;TJK;2002;0
Tajikistan;TJK;2003;0
Tajikistan;TJK;2004;0
Tajikistan;TJK;2005;0
Tajikistan;TJK;2006;0
Tajikistan;TJK;2007;0
Tajikistan;TJK;2008;0
Tajikistan;TJK;2009;0
Tajikistan;TJK;2010;0
Tajikistan;TJK;2011;0
Tajikistan;TJK;2012;0
Tajikistan;TJK;2013;0
Tajikistan;TJK;2014;0
Tajikistan;TJK;2015;0
Tajikistan;TJK;2016;0
Tanzania;TZA;2000;1
Tanzania;TZA;2001;1
Tanzania;TZA;2002;1
Tanzania;TZA;2003;1
Tanzania;TZA;2004;1
Tanzania;TZA;2005;1
Tanzania;TZA;2006;1
Tanzania;TZA;2007;1
Tanzania;TZA;2008;1
Tanzania;TZA;2009;1
Tanzania;TZA;2010;1
Tanzania;TZA;2011;1
Tanzania;TZA;2012;1
Tanzania;TZA;2013;1
Tanzania;TZA;2014;1
Tanzania;TZA;2015;1
Tanzania;TZA;2016;1
Thailand;THA;2000;2
Thailand;THA;2001;2
Thailand;THA;2002;1
Thailand;THA;2003;1
Thailand;THA;2004;1
Thailand;THA;2005;1
Thailand;THA;2006;1
Thailand;THA;2007;1
Thailand;THA;2008;1
Thailand;THA;2009;1
Thailand;THA;2010;0
Thailand;THA;2011;1
Thailand;THA;2012;0
Thailand;THA;2013;0
Thailand;THA;2014;0
Thailand;THA;2015;0
Thailand;THA;2016;0
Togo;TGO;2000;0
Togo;TGO;2001;0
Togo;TGO;2002;0
Togo;TGO;2003;0
Togo;TGO;2004;0
Togo;TGO;2005;0
Togo;TGO;2006;0
Togo;TGO;2007;0
Togo;TGO;2008;0
Togo;TGO;2009;0
Togo;TGO;2010;0
Togo;TGO;2011;0
Togo;TGO;2012;0
Togo;TGO;2013;0
Togo;TGO;2014;0
Togo;TGO;2015;1
Togo;TGO;2016;1
Tonga;TON;2000;1
Tonga;TON;2001;1
Tonga;TON;2002;1
Tonga;TON;2003;1
Tonga;TON;2004;1
Tonga;TON;2005;1
Tonga;TON;2006;1
Tonga;TON;2007;1
Tonga;TON;2008;1
Tonga;TON;2009;1
Tonga;TON;2010;1
Tonga;TON;2011;2
Tonga;TON;2012;2
Tonga;TON;2013;2
Tonga;TON;2014;2
Tonga;TON;2015;2
Tonga;TON;2016;2
Trinidad and Tobago;TTO;2000;2
Trinidad and Tobago;TTO;2001;2
Trinidad and Tobago;TTO;2002;2
Trinidad and Tobago;TTO;2003;2
Trinidad and Tobago;TTO;2004;2
Trinidad and Tobago;TTO;2005;2
Trinidad and Tobago;TTO;2006;2
Trinidad and Tobago;TTO;2007;2
Trinidad and Tobago;TTO;2008;2
Trinidad and Tobago;TTO;2009;2
Trinidad and Tobago;TTO;2010;2
Trinidad and Tobago;TTO;2011;2
Trinidad and Tobago;TTO;2012;2
Trinidad and Tobago;TTO;2013;2
Trinidad and Tobago;TTO;2014;2
Trinidad and Tobago;TTO;2015;2
Trinidad and Tobago;TTO;2016;2
Tunisia;TUN;2000;0
Tunisia;TUN;2001;0
Tunisia;TUN;2002;0
Tunisia;TUN;2003;0
Tunisia;TUN;2004;0
Tunisia;TUN;2005;0
Tunisia;TUN;2006;0
Tunisia;TUN;2007;0
Tunisia;TUN;2008;0
Tunisia;TUN;2009;0
Tunisia;TUN;2010;0
Tunisia;TUN;2011;1
Tunisia;TUN;2012;1
Tunisia;TUN;2013;1
Tunisia;TUN;2014;1
Tunisia;TUN;2015;1
Tunisia;TUN;2016;1
Turkey;TUR;2000;1
Turkey;TUR;2001;1
Turkey;TUR;2002;1
Turkey;TUR;2003;1
Turkey;TUR;2004;1
Turkey;TUR;2005;1
Turkey;TUR;2006;1
Turkey;TUR;2007;1
Turkey;TUR;2008;1
Turkey;TUR;2009;1
Turkey;TUR;2010;1
Turkey;TUR;2011;1
Turkey;TUR;2012;1
Turkey;TUR;2013;0
Turkey;TUR;2014;0
Turkey;TUR;2015;0
Turkey;TUR;2016;0
Turkmenistan;TKM;2000;0
Turkmenistan;TKM;2001;0
Turkmenistan;TKM;2002;0
Turkmenistan;TKM;2003;0
Turkmenistan;TKM;2004;0
Turkmenistan;TKM;2005;0
Turkmenistan;TKM;2006;0
Turkmenistan;TKM;2007;0
Turkmenistan;TKM;2008;0
Turkmenistan;TKM;2009;0
Turkmenistan;TKM;2010;0
Turkmenistan;TKM;2011;0
Turkmenistan;TKM;2012;0
Turkmenistan;TKM;2013;0
Turkmenistan;TKM;2014;0
Turkmenistan;TKM;2015;0
Turkmenistan;TKM;2016;0
Tuvalu;TUV;2002;2
Tuvalu;TUV;2003;2
Tuvalu;TUV;2004;2
Tuvalu;TUV;2005;2
Tuvalu;TUV;2006;2
Tuvalu;TUV;2007;2
Tuvalu;TUV;2008;2
Tuvalu;TUV;2009;2
Tuvalu;TUV;2010;2
Tuvalu;TUV;2011;2
Tuvalu;TUV;2012;2
Tuvalu;TUV;2013;2
Tuvalu;TUV;2014;2
Tuvalu;TUV;2015;2
Tuvalu;TUV;2016;2
Uganda;UGA;2000;1
Uganda;UGA;2001;1
Uganda;UGA;2002;1
Uganda;UGA;2003;1
Uganda;UGA;2004;1
Uganda;UGA;2005;1
Uganda;UGA;2006;1
Uganda;UGA;2007;1
Uganda;UGA;2008;1
Uganda;UGA;2009;1
Uganda;UGA;2010;1
Uganda;UGA;2011;1
Uganda;UGA;2012;1
Uganda;UGA;2013;1
Uganda;UGA;2014;1
Uganda;UGA;2015;1
Uganda;UGA;2016;1
Ukraine;UKR;2000;1
Ukraine;UKR;2001;1
Ukraine;UKR;2002;0
Ukraine;UKR;2003;0
Ukraine;UKR;2004;1
Ukraine;UKR;2005;1
Ukraine;UKR;2006;1
Ukraine;UKR;2007;1
Ukraine;UKR;2008;1
Ukraine;UKR;2009;1
Ukraine;UKR;2010;1
Ukraine;UKR;2011;1
Ukraine;UKR;2012;1
Ukraine;UKR;2013;0
Ukraine;UKR;2014;1
Ukraine;UKR;2015;1
Ukraine;UKR;2016;1
United Arab Emirates;ARE;2000;0
United Arab Emirates;ARE;2001;0
United Arab Emirates;ARE;2002;0
United Arab Emirates;ARE;2003;0
United Arab Emirates;ARE;2004;0
United Arab Emirates;ARE;2005;0
United Arab Emirates;ARE;2006;0
United Arab Emirates;ARE;2007;0
United Arab Emirates;ARE;2008;0
United Arab Emirates;ARE;2009;0
United Arab Emirates;ARE;2010;0
United Arab Emirates;ARE;2011;0
United Arab Emirates;ARE;2012;0
United Arab Emirates;ARE;2013;0
United Arab Emirates;ARE;2014;0
United Arab Emirates;ARE;2015;0
United Arab Emirates;ARE;2016;0
United Kingdom;GBR;2000;2
United Kingdom;GBR;2001;2
United Kingdom;GBR;2002;2
United Kingdom;GBR;2003;2
United Kingdom;GBR;2004;2
United Kingdom;GBR;2005;2
United Kingdom;GBR;2006;2
United Kingdom;GBR;2007;2
United Kingdom;GBR;2008;2
United Kingdom;GBR;2009;2
United Kingdom;GBR;2010;2
United Kingdom;GBR;2011;2
United Kingdom;GBR;2012;2
United Kingdom;GBR;2013;2
United Kingdom;GBR;2014;2
United Kingdom;GBR;2015;2
United Kingdom;GBR;2016;2
United States;USA;2000;2
United States;USA;2001;2
United States;USA;2002;2
United States;USA;2003;2
United States;USA;2004;2
United States;USA;2005;2
United States;USA;2006;2
United States;USA;2007;2
United States;USA;2008;2
United States;USA;2009;2
United States;USA;2010;2
United States;USA;2011;2
United States;USA;2012;2
United States;USA;2013;2
United States;USA;2014;2
United States;USA;2015;2
United States;USA;2016;2
Uruguay;URY;2000;2
Uruguay;URY;2001;2
Uruguay;URY;2002;2
Uruguay;URY;2003;2
Uruguay;URY;2004;2
Uruguay;URY;2005;2
Uruguay;URY;2006;2
Uruguay;URY;2007;2
Uruguay;URY;2008;2
Uruguay;URY;2009;2
Uruguay;URY;2010;2
Uruguay;URY;2011;2
Uruguay;URY;2012;2
Uruguay;URY;2013;2
Uruguay;URY;2014;2
Uruguay;URY;2015;2
Uruguay;URY;2016;2
Uzbekistan;UZB;2000;0
Uzbekistan;UZB;2001;0
Uzbekistan;UZB;2002;0
Uzbekistan;UZB;2003;0
Uzbekistan;UZB;2004;0
Uzbekistan;UZB;2005;0
Uzbekistan;UZB;2006;0
Uzbekistan;UZB;2007;0
Uzbekistan;UZB;2008;0
Uzbekistan;UZB;2009;0
Uzbekistan;UZB;2010;0
Uzbekistan;UZB;2011;0
Uzbekistan;UZB;2012;0
Uzbekistan;UZB;2013;0
Uzbekistan;UZB;2014;0
Uzbekistan;UZB;2015;0
Uzbekistan;UZB;2016;0
Vanuatu;VUT;2000;1
Vanuatu;VUT;2001;2
Vanuatu;VUT;2002;2
Vanuatu;VUT;2003;2
Vanuatu;VUT;2004;2
Vanuatu;VUT;2005;2
Vanuatu;VUT;2006;2
Vanuatu;VUT;2007;2
Vanuatu;VUT;2008;2
Vanuatu;VUT;2009;2
Vanuatu;VUT;2010;2
Vanuatu;VUT;2011;2
Vanuatu;VUT;2012;2
Vanuatu;VUT;2013;2
Vanuatu;VUT;2014;2
Vanuatu;VUT;2015;2
Vanuatu;VUT;2016;2
Venezuela;VEN;2000;1
Venezuela;VEN;2001;1
Venezuela;VEN;2002;0
Venezuela;VEN;2003;0
Venezuela;VEN;2004;0
Venezuela;VEN;2005;0
Venezuela;VEN;2006;0
Venezuela;VEN;2007;0
Venezuela;VEN;2008;0
Venezuela;VEN;2009;0
Venezuela;VEN;2010;0
Venezuela;VEN;2011;0
Venezuela;VEN;2012;0
Venezuela;VEN;2013;0
Venezuela;VEN;2014;0
Venezuela;VEN;2015;0
Venezuela;VEN;2016;0
Vietnam;VNM;2000;0
Vietnam;VNM;2001;0
Vietnam;VNM;2002;0
Vietnam;VNM;2003;0
Vietnam;VNM;2004;0
Vietnam;VNM;2005;0
Vietnam;VNM;2006;0
Vietnam;VNM;2007;0
Vietnam;VNM;2008;0
Vietnam;VNM;2009;0
Vietnam;VNM;2010;0
Vietnam;VNM;2011;0
Vietnam;VNM;2012;0
Vietnam;VNM;2013;0
Vietnam;VNM;2014;0
Vietnam;VNM;2015;0
Vietnam;VNM;2016;0
West Bank and Gaza Strip;;2000;0
West Bank and Gaza Strip;;2001;0
West Bank and Gaza Strip;;2002;0
West Bank and Gaza Strip;;2003;0
West Bank and Gaza Strip;;2004;0
West Bank and Gaza Strip;;2005;0
West Bank and Gaza Strip;;2006;0
West Bank and Gaza Strip;;2007;0
West Bank and Gaza Strip;;2008;0
West Bank and Gaza Strip;;2009;0
West Bank and Gaza Strip;;2010;0
West Bank and Gaza Strip;;2011;0
West Bank and Gaza Strip;;2012;0
West Bank and Gaza Strip;;2013;0
West Bank and Gaza Strip;;2014;0
West Bank and Gaza Strip;;2015;0
West Bank and Gaza Strip;;2016;0
Yemen;YEM;2000;0
Yemen;YEM;2001;0
Yemen;YEM;2002;0
Yemen;YEM;2003;0
Yemen;YEM;2004;0
Yemen;YEM;2005;0
Yemen;YEM;2006;0
Yemen;YEM;2007;0
Yemen;YEM;2008;0
Yemen;YEM;2009;0
Yemen;YEM;2010;0
Yemen;YEM;2011;0
Yemen;YEM;2012;0
Yemen;YEM;2013;0
Yemen;YEM;2014;0
Yemen;YEM;2015;0
Yemen;YEM;2016;0
Zambia;ZMB;2000;0
Zambia;ZMB;2001;0
Zambia;ZMB;2002;0
Zambia;ZMB;2003;0
Zambia;ZMB;2004;0
Zambia;ZMB;2005;0
Zambia;ZMB;2006;0
Zambia;ZMB;2007;0
Zambia;ZMB;2008;0
Zambia;ZMB;2009;0
Zambia;ZMB;2010;0
Zambia;ZMB;2011;1
Zambia;ZMB;2012;1
Zambia;ZMB;2013;0
Zambia;ZMB;2014;0
Zambia;ZMB;2015;0
Zambia;ZMB;2016;0
Zimbabwe;ZWE;2000;0
Zimbabwe;ZWE;2001;0
Zimbabwe;ZWE;2002;0
Zimbabwe;ZWE;2003;0
Zimbabwe;ZWE;2004;0
Zimbabwe;ZWE;2005;0
Zimbabwe;ZWE;2006;0
Zimbabwe;ZWE;2007;0
Zimbabwe;ZWE;2008;0
Zimbabwe;ZWE;2009;0
Zimbabwe;ZWE;2010;0
Zimbabwe;ZWE;2011;0
Zimbabwe;ZWE;2012;0
Zimbabwe;ZWE;2013;0
Zimbabwe;ZWE;2014;0
Zimbabwe;ZWE;2015;0
Zimbabwe;ZWE;2016;0
